"id","bid_no","gem_bid_no","title","organization_name","department_name","portal_source","creation_mode","workflow_stage","bid_status","bid_owner_id","created_by","estimated_value","emd_amount","emd_type","emd_exempted","final_bid_value","l1_price","quoted_price","opening_date","closing_date","submission_date","result_date","ra_date","category","bid_type","gem_bid_type","oem_required","has_tech_eval","qualification_status","bid_outcome","outcome_reason","tech_compliance_status","remarks","competitor_info","metadata","ai_source_document_id","ai_extraction_confidence","created_at","updated_at","archived_at","team","scope_type","bg_rate","activity_type","target_month_date","excel_bid_status","submission_status","financial_evaluation_status","po_received_status","bid_result"
"04a32dff-0a9d-4ca7-a252-4f722791d306",NULL,"GEM/2025/B/6964065","Microsoft 356 A3","Central University Odisha",NULL,"GeM","MANUAL","AWAITING_RESULT","ACTIVE","8d093c19-9d9b-4041-9722-139a4e4f087f","8d093c19-9d9b-4041-9722-139a4e4f087f",466887.00,15000.00,"EXEMPTED",True,466887.00,466887.00,466887.00,"2025-12-05 00:00:00+05:30","2025-12-15 00:00:00+05:30","2025-12-15 00:00:00+05:30",NULL,NULL,"Microsoft",NULL,NULL,False,True,"PENDING",NULL,NULL,NULL,"H1 elimination","[]","{}",NULL,NULL,"2026-06-12 16:18:29.273909+05:30","2026-06-12 16:18:29.273909+05:30",NULL,"GSN_ETS","Implementation",0.0500,"Bid to RA","2026-12-25 00:00:00+05:30","Closed","Submitted","Completed","Not Received","Globx is L4"
"062a449b-4809-4e1c-9b06-124d82cb5e02",NULL,"GEM/2026/B/7198088","Microsoft Office LTSC Standard 2024","Kiru Hep Cvpppl",NULL,"GeM","MANUAL","AWAITING_RESULT","ACTIVE","8d093c19-9d9b-4041-9722-139a4e4f087f","8d093c19-9d9b-4041-9722-139a4e4f087f",413390.00,NULL,NULL,False,413390.00,413390.00,413390.00,"2026-02-17 00:00:00+05:30","2026-03-10 00:00:00+05:30","2026-03-10 00:00:00+05:30",NULL,NULL,"Microsoft",NULL,NULL,False,True,"PENDING",NULL,NULL,NULL,"Awarded","[]","{}",NULL,NULL,"2026-06-12 16:18:29.344095+05:30","2026-06-12 16:18:29.344095+05:30",NULL,"GSN_ETS","Implementation",0.0500,"Bid","2026-02-26 00:00:00+05:30","Closed","Submitted","Qualified","Received","Globx Price is L1"
"07b3a5fc-a0d3-4d62-8d39-ce130ded960f",NULL,"GEM/2026/B/7467017","Microsoft Project Standard 2024","Irel (india) Limited",NULL,"GeM","MANUAL","AWAITING_RESULT","ACTIVE","8d093c19-9d9b-4041-9722-139a4e4f087f","8d093c19-9d9b-4041-9722-139a4e4f087f",NULL,NULL,NULL,False,NULL,NULL,NULL,"2026-04-22 00:00:00+05:30","2026-05-13 00:00:00+05:30","2026-05-13 00:00:00+05:30",NULL,NULL,"Microsoft",NULL,NULL,False,True,"PENDING",NULL,NULL,NULL,NULL,"[]","{}",NULL,NULL,"2026-06-12 16:18:29.395285+05:30","2026-06-12 16:18:29.395285+05:30",NULL,"GSN_ETS","Implementation",NULL,"Bid","2026-04-26 00:00:00+05:30","Closed","Submitted","Awaiting","To be determined","Result Pending"
"0fa23d26-5663-4071-98bd-598da32d10be",NULL,"GEM/2026/B/7564881","Microsoft Copilot for Microsoft 365 (SKU ID: CFQ7TTC0MM8R) Microsoft Copilot Chat for Microsoft 365  Microsoft Copilot Studio (SKU ID: CFQ7TTC0LH1F)","IIM CALCUTTA",NULL,"GeM","MANUAL","DISCOVERED","ACTIVE","8d093c19-9d9b-4041-9722-139a4e4f087f","8d093c19-9d9b-4041-9722-139a4e4f087f",3523342.17,88000.00,"ONLINE",False,NULL,NULL,NULL,"2026-05-20 00:00:00+05:30","2026-06-11 00:00:00+05:30","2026-06-11 00:00:00+05:30",NULL,NULL,"Microsoft",NULL,NULL,False,True,"PENDING",NULL,NULL,NULL,NULL,"[]","{}",NULL,NULL,"2026-06-12 16:18:29.424687+05:30","2026-06-12 16:18:29.424687+05:30",NULL,"GSN_ETS","Implementation",NULL,"BID","2026-05-26 00:00:00+05:30","Active","In Progress","Not evaluated","Not evaluated","BID IN PROGRESS"
"104bc88f-6a6d-40b5-b805-9adb9615fe68",NULL,"GEM/2026/B/7542018","Autocad 3 yr Subscription","Eastern Railway",NULL,"GeM","MANUAL","AWAITING_RESULT","ACTIVE","8d093c19-9d9b-4041-9722-139a4e4f087f","8d093c19-9d9b-4041-9722-139a4e4f087f",720036.00,NULL,NULL,False,NULL,NULL,NULL,"2026-05-18 00:00:00+05:30","2026-05-30 00:00:00+05:30","2026-05-30 00:00:00+05:30",NULL,NULL,"Autodesk",NULL,NULL,False,True,"PENDING",NULL,NULL,NULL,NULL,"[]","{}",NULL,NULL,"2026-06-12 16:18:29.421262+05:30","2026-06-12 16:18:29.421262+05:30",NULL,"GSN_ETS","Implementation",NULL,"Bid To RA","2026-05-26 00:00:00+05:30","Closed","Submitted","Not evaluated","Not evaluated","BID IN PROGRESS"
"108db490-ba6b-45f8-8e4b-cb6bdf83717a",NULL,"GEM/2026/B/7124570","13 Admin Manpower for 1 Year","NCERT - RIE",NULL,"GeM","MANUAL","LOST","LOST","8d093c19-9d9b-4041-9722-139a4e4f087f","8d093c19-9d9b-4041-9722-139a4e4f087f",5200000.00,30000.00,"ONLINE",False,5200000.00,5200000.00,5200000.00,"2026-01-20 00:00:00+05:30","2026-02-06 00:00:00+05:30","2026-02-06 00:00:00+05:30","2026-02-06 00:00:00+05:30",NULL,"Manpower",NULL,NULL,False,True,"DISQUALIFIED","LOST","Disqualified during Technical Evaluation.",NULL,"Registration Certificate not Furnished & Experience Certificate not submitted","[]","{}",NULL,NULL,"2026-06-12 16:18:29.322231+05:30","2026-06-12 16:18:29.322231+05:30",NULL,"GSN_ETS",NULL,0.0001,"Bid","2026-01-26 00:00:00+05:30","Closed","Submitted","Disqualified","Not Received","Disqualified"
"13bc3690-4a0e-4217-9282-048098a02483",NULL,"GEM/2026/B/7511847","AutoCAD - including specialized toolsets AD Commercial Multi-user Server based ELD 3-Year Subscription.","Power Grid Corporation Of India Limited",NULL,"GeM","MANUAL","AWAITING_RESULT","ACTIVE","8d093c19-9d9b-4041-9722-139a4e4f087f","8d093c19-9d9b-4041-9722-139a4e4f087f",NULL,29000.00,"EXEMPTED",True,NULL,NULL,NULL,"2026-05-13 00:00:00+05:30","2026-05-28 00:00:00+05:30","2026-05-28 00:00:00+05:30",NULL,NULL,"Microsoft",NULL,NULL,False,False,"PENDING",NULL,NULL,NULL,"Limited Tenders Applicable","[]","{}",NULL,NULL,"2026-06-12 16:18:29.414896+05:30","2026-06-12 16:18:29.414896+05:30",NULL,"GSN_ETS","Implementation",0.0500,"Bid To RA","2026-05-26 00:00:00+05:30","Closed","Not Submitted",NULL,NULL,NULL
"15a6a7ca-9bac-4f48-b8a3-ace1b126df01",NULL,NULL,"Microsoft 365 Business Basic","JETSMART IT SERVICES",NULL,"Private","MANUAL","AWAITING_RESULT","ACTIVE","8d093c19-9d9b-4041-9722-139a4e4f087f","8d093c19-9d9b-4041-9722-139a4e4f087f",25913.00,NULL,NULL,False,25913.00,25913.00,25913.00,"2026-01-30 00:00:00+05:30","2026-01-30 00:00:00+05:30","2026-01-30 00:00:00+05:30",NULL,NULL,"Microsoft",NULL,NULL,False,True,"PENDING",NULL,NULL,NULL,"Awarded","[]","{}",NULL,NULL,"2026-06-12 16:18:29.319174+05:30","2026-06-12 16:18:29.319174+05:30",NULL,"GSN_ETS","Supply",NULL,"Quotation","2026-01-26 00:00:00+05:30","Closed","Submitted","Qualified","Received","Price L1"
"1787d478-bd57-400a-96ff-2ab639cbb51e",NULL,"GEM/2026/B/7556770","Microsoft Edu Cloud Licenses","Indian Institute Of Foreign Trade (iift)",NULL,"GeM","MANUAL","DISCOVERED","ACTIVE","8d093c19-9d9b-4041-9722-139a4e4f087f","8d093c19-9d9b-4041-9722-139a4e4f087f",NULL,57600.00,"ONLINE",False,NULL,NULL,NULL,"2026-05-22 00:00:00+05:30","2026-06-12 00:00:00+05:30","2026-06-12 00:00:00+05:30",NULL,NULL,"Microsoft",NULL,NULL,False,True,"PENDING",NULL,NULL,NULL,NULL,"[]","{}",NULL,NULL,"2026-06-12 16:18:29.428079+05:30","2026-06-12 16:18:29.428079+05:30",NULL,"GSN_ETS","Implementation",0.0500,"BID","2026-05-26 00:00:00+05:30","Active","In Progress","Not evaluated","Not evaluated","BID IN PROGRESS"
"17f6998a-3b05-4b7d-bc09-e23cb61df7d3",NULL,"GEM/2026/B/7150991","Microsoft Office LTSC Standard 2024","Sjvn Limited",NULL,"GeM","MANUAL","AWAITING_RESULT","ACTIVE","8d093c19-9d9b-4041-9722-139a4e4f087f","8d093c19-9d9b-4041-9722-139a4e4f087f",5691704.00,110169.00,"EXEMPTED",True,5691704.00,5691704.00,5691704.00,"2026-03-06 00:00:00+05:30","2026-03-27 00:00:00+05:30","2026-03-27 00:00:00+05:30",NULL,NULL,"Microsoft",NULL,NULL,False,True,"PENDING",NULL,NULL,NULL,NULL,"[]","{}",NULL,NULL,"2026-06-12 16:18:29.355841+05:30","2026-06-12 16:18:29.355841+05:30",NULL,"GSN_ETS","Implementation",0.0500,"Bid","2026-03-26 00:00:00+05:30","Closed","Submitted","Awaiting","To be determined",NULL
"1921a730-163a-4109-b1a5-2c5ab4a475c8",NULL,"GEM/2025/B/6968257","Microsoft Multiple Product with cloud","IIT Patna",NULL,"GeM","MANUAL","AWAITING_RESULT","ACTIVE","8d093c19-9d9b-4041-9722-139a4e4f087f","8d093c19-9d9b-4041-9722-139a4e4f087f",NULL,75000.00,"EXEMPTED",True,NULL,NULL,NULL,"2025-12-06 00:00:00+05:30","2025-12-27 00:00:00+05:30","2025-12-27 00:00:00+05:30",NULL,NULL,"Microsoft",NULL,NULL,False,False,"PENDING",NULL,NULL,NULL,"Not Eligibility","[]","{}",NULL,NULL,"2026-06-12 16:18:29.271871+05:30","2026-06-12 16:18:29.271871+05:30",NULL,"GSN_ETS","Implementation",0.0300,"Bid","2026-12-25 00:00:00+05:30","Closed","Not Submitted",NULL,NULL,NULL
"1f825b05-7dcf-4776-9539-ba69f411b0ef",NULL,"GEM/2026/B/7427493","MS Project","Ntpc Limited",NULL,"GeM","MANUAL","AWAITING_RESULT","ACTIVE","8d093c19-9d9b-4041-9722-139a4e4f087f","8d093c19-9d9b-4041-9722-139a4e4f087f",477001.29,NULL,NULL,False,119313.00,119313.00,119313.00,"2026-04-10 00:00:00+05:30","2026-05-01 00:00:00+05:30","2026-05-01 00:00:00+05:30",NULL,NULL,"Microsoft",NULL,NULL,False,True,"PENDING",NULL,NULL,NULL,"Not Awarded","[]","{}",NULL,NULL,"2026-06-12 16:18:29.384725+05:30","2026-06-12 16:18:29.384725+05:30",NULL,"GSN_ETS","Implementation",NULL,"Bid","2026-04-26 00:00:00+05:30","Closed","Submitted","Completed","Not Received","Globx price is L2"
"20b33def-a5c6-4be2-96b7-75bda8f9444a","OGB/RFP/ITD/HARDWARE/003/2025-26",NULL,"MS Office LTSC Professional Plus 2024, and computer","OGB",NULL,"Private","MANUAL","LOST","LOST","8d093c19-9d9b-4041-9722-139a4e4f087f","8d093c19-9d9b-4041-9722-139a4e4f087f",4801120.00,100000.00,"ONLINE",False,4801120.00,4801120.00,4801120.00,"2025-11-20 00:00:00+05:30","2025-12-15 00:00:00+05:30","2025-12-15 00:00:00+05:30","2025-12-15 00:00:00+05:30",NULL,"Microsoft",NULL,NULL,False,True,"DISQUALIFIED","LOST","Disqualified during Technical Evaluation.",NULL,"Company not been in business for 3 Years","[]","{}",NULL,NULL,"2026-06-12 16:18:29.267696+05:30","2026-06-12 16:18:29.267696+05:30",NULL,"GSN_ETS","Supply",NULL,"Bid","2026-11-25 00:00:00+05:30","Closed","Submitted","Completed","Not Received","Disqualified"
"2181d183-5329-4591-bfe3-93a0f0ba5c9c",NULL,"GEM/2026/B/7073652","Microsoft 365 Business Basic & Standard","Bharat Earth Movers Limited (beml)",NULL,"GeM","MANUAL","AWAITING_RESULT","ACTIVE","8d093c19-9d9b-4041-9722-139a4e4f087f","8d093c19-9d9b-4041-9722-139a4e4f087f",654022.00,11969.00,"ONLINE",False,654022.00,654022.00,654022.00,"2026-01-05 00:00:00+05:30","2026-01-15 00:00:00+05:30","2026-01-15 00:00:00+05:30",NULL,NULL,"Microsoft",NULL,NULL,False,True,"PENDING",NULL,NULL,NULL,"Not Awarded","[]","{}",NULL,NULL,"2026-06-12 16:18:29.302923+05:30","2026-06-12 16:18:29.302923+05:30",NULL,"GSN_ETS","Implementation",0.0500,"Bid","2026-01-26 00:00:00+05:30","Closed","Submitted","Completed","Not Received","Our Price L2"
"22a85466-2d52-40f5-85d1-63007a4769f9",NULL,"GEM/2025/B/6953993","Microsoft Office LTSC Standard, Windows 11 Pro, Windows Server 2025 Std & Antivirus Software","Indian Army (2) 14/1/26",NULL,"GeM","MANUAL","AWAITING_RESULT","ACTIVE","8d093c19-9d9b-4041-9722-139a4e4f087f","8d093c19-9d9b-4041-9722-139a4e4f087f",4821000.00,292458.00,"ONLINE",False,NULL,NULL,NULL,"2026-01-14 00:00:00+05:30","2026-02-04 00:00:00+05:30","2026-02-04 00:00:00+05:30",NULL,NULL,"Microsoft",NULL,NULL,False,False,"PENDING",NULL,NULL,NULL,"Didn't get MAF for Microsoft & Antivirus, as it is out of territory of your supplier","[]","{}",NULL,NULL,"2026-06-12 16:18:29.310964+05:30","2026-06-12 16:18:29.310964+05:30",NULL,"GSN_ETS","Implementation",0.0500,"Bid","2026-01-26 00:00:00+05:30","Closed","Not Submitted",NULL,NULL,NULL
"233b7d15-5d40-4dbd-8992-7cdd8373e863",NULL,"GEM/2026/B/7129965","Microsoft Office Professional Plus 2024 SLng LTSC","Security Printing And Minting Corporation Of India Limited (SPMCIL)",NULL,"GeM","MANUAL","AWAITING_RESULT","ACTIVE","8d093c19-9d9b-4041-9722-139a4e4f087f","8d093c19-9d9b-4041-9722-139a4e4f087f",2600000.00,NULL,NULL,False,NULL,NULL,NULL,"2026-01-29 00:00:00+05:30","2026-02-19 00:00:00+05:30","2026-02-19 00:00:00+05:30",NULL,NULL,"Microsoft",NULL,NULL,False,False,"PENDING",NULL,NULL,NULL,"Not able to participate due to technical issue in GeM catalogue","[]","{}",NULL,NULL,"2026-06-12 16:18:29.320631+05:30","2026-06-12 16:18:29.320631+05:30",NULL,"GSN_ETS","Implementation",NULL,"Bid","2026-01-26 00:00:00+05:30","Closed","Not Submitted",NULL,NULL,NULL
"23f2af16-e895-4ce1-b71c-a77ce5ad7735",NULL,"GEM/2026/B/7445310","Microsoft Project 2024 Professional","Moil Limited",NULL,"GeM","MANUAL","AWAITING_RESULT","ACTIVE","8d093c19-9d9b-4041-9722-139a4e4f087f","8d093c19-9d9b-4041-9722-139a4e4f087f",NULL,10000.00,"ONLINE",False,NULL,NULL,NULL,"2026-04-16 00:00:00+05:30","2026-05-07 00:00:00+05:30","2026-05-07 00:00:00+05:30",NULL,NULL,"Microsoft",NULL,NULL,False,False,"PENDING",NULL,NULL,NULL,"MAF not received from OEM","[]","{}",NULL,NULL,"2026-06-12 16:18:29.390726+05:30","2026-06-12 16:18:29.390726+05:30",NULL,"GSN_ETS","Supply",0.0500,"Bid to RA","2026-04-26 00:00:00+05:30","Closed","Not Submitted",NULL,NULL,NULL
"2e03c59c-b27e-42bd-812f-81a63f39b8af",NULL,"GEM/2026/B/7090338","Microsoft Office LTSC 2024","IIIT Allahabad",NULL,"GeM","MANUAL","AWAITING_RESULT","ACTIVE","8d093c19-9d9b-4041-9722-139a4e4f087f","8d093c19-9d9b-4041-9722-139a4e4f087f",NULL,19500.00,"ONLINE",False,NULL,NULL,NULL,"2026-01-08 00:00:00+05:30","2026-01-19 00:00:00+05:30","2026-01-19 00:00:00+05:30",NULL,NULL,"Microsoft",NULL,NULL,False,False,"PENDING",NULL,NULL,NULL,"Did get the compliance document from Microsoft","[]","{}",NULL,NULL,"2026-06-12 16:18:29.304298+05:30","2026-06-12 16:18:29.304298+05:30",NULL,"GSN_ETS","Implementation",0.0500,"Bid","2026-01-26 00:00:00+05:30","Closed","Not Submitted",NULL,NULL,NULL
"2ef67635-64f6-4ae3-8673-da56367ddacf",NULL,"GEM/2025/B/6929690","Mircosoft Office 2021 Professional Offline Update with CD","Dg Of Defence Estate",NULL,"GeM","MANUAL","AWAITING_RESULT","ACTIVE","8d093c19-9d9b-4041-9722-139a4e4f087f","8d093c19-9d9b-4041-9722-139a4e4f087f",NULL,NULL,NULL,False,NULL,NULL,NULL,"2026-01-01 00:00:00+05:30","2026-01-12 00:00:00+05:30","2026-01-12 00:00:00+05:30",NULL,NULL,"Microsoft",NULL,NULL,False,False,"PENDING",NULL,NULL,NULL,"Need product clerification clarification","[]","{}",NULL,NULL,"2026-06-12 16:18:29.297448+05:30","2026-06-12 16:18:29.297448+05:30",NULL,"GSN_ETS","Implementation",NULL,"Bid","2026-01-26 00:00:00+05:30","Closed","Not Submitted",NULL,NULL,NULL
"31dd5fef-c6c2-453f-bc31-de930dceff04",NULL,"GEM/2026/B/7493764","Microsoft Office LTSC Professional Plus 2024","Advanced Weapons And Equipment India Limited",NULL,"GeM","MANUAL","AWAITING_RESULT","ACTIVE","8d093c19-9d9b-4041-9722-139a4e4f087f","8d093c19-9d9b-4041-9722-139a4e4f087f",930000.00,26280.00,"ONLINE",False,NULL,NULL,NULL,"2026-05-01 00:00:00+05:30","2026-05-22 00:00:00+05:30","2026-05-22 00:00:00+05:30",NULL,NULL,"Microsoft",NULL,NULL,False,False,"PENDING",NULL,NULL,NULL,"Issue regarding MII Compliance during Bid Submission","[]","{}",NULL,NULL,"2026-06-12 16:18:29.401462+05:30","2026-06-12 16:18:29.401462+05:30",NULL,"GSN_ETS","SUPPLY",NULL,"Bid","2026-05-26 00:00:00+05:30","Closed","Not Submitted",NULL,NULL,NULL
"32c9ee87-784f-4ecd-ae23-01b660c0a32e",NULL,"GEM/2026/B/7273669","6 Skilled Manpower","Munitions India Limited",NULL,"GeM","MANUAL","AWAITING_RESULT","ACTIVE","8d093c19-9d9b-4041-9722-139a4e4f087f","8d093c19-9d9b-4041-9722-139a4e4f087f",4097891.00,122937.00,"ONLINE",False,NULL,NULL,NULL,"2026-02-21 00:00:00+05:30","2026-03-03 00:00:00+05:30","2026-03-03 00:00:00+05:30",NULL,NULL,"Manpower",NULL,NULL,False,False,"PENDING",NULL,NULL,NULL,"Issue on GeM not able to participate, Category approval pending.","[]","{}",NULL,NULL,"2026-06-12 16:18:29.335338+05:30","2026-06-12 16:18:29.335338+05:30",NULL,"GSN_ETS",NULL,0.0500,"Bid","2026-02-26 00:00:00+05:30","Closed","Not Submitted",NULL,NULL,NULL
"33d38ff0-420b-46fd-8a6a-a44ebff3ae34",NULL,"GEM/2025/B/6956682","MS office LTSC standard 2024","Tea Board - Department Of Commerce",NULL,"GeM","MANUAL","AWAITING_RESULT","ACTIVE","8d093c19-9d9b-4041-9722-139a4e4f087f","8d093c19-9d9b-4041-9722-139a4e4f087f",NULL,NULL,NULL,False,NULL,NULL,NULL,"2025-12-03 00:00:00+05:30","2025-12-24 00:00:00+05:30","2025-12-24 00:00:00+05:30",NULL,NULL,"Microsoft",NULL,NULL,False,False,"PENDING",NULL,NULL,NULL,"Can not participate, as issue with bid document","[]","{}",NULL,NULL,"2026-06-12 16:18:29.269901+05:30","2026-06-12 16:18:29.269901+05:30",NULL,"GSN_ETS","Supply",NULL,"Bid","2026-12-25 00:00:00+05:30","Closed","Not Submitted",NULL,NULL,"On Hold"
"3613a727-a93a-44aa-b55c-140b85413070",NULL,"GEM/2026/B/7315035","Microsoft 365 Apps for Business - 90 Qty","STPI Bengaluru",NULL,"GeM","MANUAL","AWAITING_RESULT","ACTIVE","8d093c19-9d9b-4041-9722-139a4e4f087f","8d093c19-9d9b-4041-9722-139a4e4f087f",540000.00,30000.00,"ONLINE",False,NULL,NULL,NULL,"2026-03-03 00:00:00+05:30","2026-03-24 00:00:00+05:30","2026-03-24 00:00:00+05:30",NULL,NULL,"Microsoft",NULL,NULL,False,False,"PENDING",NULL,NULL,NULL,"Not eligible, office needed to be in consignee location","[]","{}",NULL,NULL,"2026-06-12 16:18:29.354332+05:30","2026-06-12 16:18:29.354332+05:30",NULL,"GSN_ETS","Supply",0.0300,"Bid","2026-03-26 00:00:00+05:30","Closed","Not Submitted",NULL,NULL,NULL
"36960a80-6c45-4e65-9e85-c009b3854969",NULL,"GEM/2025/B/6997705","MS Server 2025 Standard, Office LTSC Std 2024, Windows 11 Pro: 509","Headquarters Integrated Defence Staff (HDIDS)",NULL,"GeM","MANUAL","AWAITING_RESULT","ACTIVE","8d093c19-9d9b-4041-9722-139a4e4f087f","8d093c19-9d9b-4041-9722-139a4e4f087f",NULL,516270.00,"ONLINE",False,NULL,NULL,NULL,"2025-12-15 00:00:00+05:30","2026-01-05 00:00:00+05:30","2026-01-05 00:00:00+05:30",NULL,NULL,"Microsoft",NULL,NULL,False,False,"PENDING",NULL,NULL,NULL,"Not Eligibility","[]","{}",NULL,NULL,"2026-06-12 16:18:29.294426+05:30","2026-06-12 16:18:29.294426+05:30",NULL,"GSN_ETS","Implementation",0.0300,"Bid to RA","2026-12-25 00:00:00+05:30","Closed","Not Submitted",NULL,NULL,NULL
"39567f81-f127-4f1a-9686-42e8933a7de1",NULL,"GEM/2026/B/7198381","AutoCAD LT 2026 Commercial Single-User ELD 3- years Subscription","Central Power Research Institute (cpri)",NULL,"GeM","MANUAL","AWAITING_RESULT","ACTIVE","8d093c19-9d9b-4041-9722-139a4e4f087f","8d093c19-9d9b-4041-9722-139a4e4f087f",374672.00,NULL,NULL,False,374672.00,374672.00,374672.00,"2026-02-12 00:00:00+05:30","2026-03-10 00:00:00+05:30","2026-03-10 00:00:00+05:30",NULL,NULL,"AutoDesk",NULL,NULL,False,True,"PENDING",NULL,NULL,NULL,"Not Awarded","[]","{}",NULL,NULL,"2026-06-12 16:18:29.340036+05:30","2026-06-12 16:18:29.340036+05:30",NULL,"GSN_ETS","Implementation",NULL,"Bid","2026-02-26 00:00:00+05:30","Closed","Submitted","Completed","Not Received","Globx Price is L5"
"3a6de733-ee32-49ed-a091-295fe51b05e9",NULL,"GEM/2026/B/7441851","AUTOCAD INCLUDING SPECIALIZED TOOLSETS LICENSE RENEWAL - COMMERCIAL SINGLE-USER FOR 3-YEAR SUBSCRIPTION","NALCO Autodesk",NULL,"GeM","MANUAL","AWAITING_RESULT","ACTIVE","8d093c19-9d9b-4041-9722-139a4e4f087f","8d093c19-9d9b-4041-9722-139a4e4f087f",132000.00,NULL,NULL,False,NULL,NULL,NULL,"2026-05-04 00:00:00+05:30","2026-05-14 00:00:00+05:30","2026-05-14 00:00:00+05:30",NULL,NULL,"Autodesk",NULL,NULL,False,True,"PENDING",NULL,NULL,NULL,NULL,"[]","{}",NULL,NULL,"2026-06-12 16:18:29.408662+05:30","2026-06-12 16:18:29.408662+05:30",NULL,"GSN_ETS","Implementation",NULL,"Bid","2026-05-26 00:00:00+05:30","Closed","Submitted","Awaiting","To be determined","Result Pending"
"3d618647-3bcf-4ebc-b18c-42f984b7b3ee",NULL,"GEM/2026/B/7402857","Microsoft 365 BS (Teams) & BS (No Teams)","Petroleum Planning And Analysis Cell (ppac)",NULL,"GeM","MANUAL","AWAITING_RESULT","ACTIVE","8d093c19-9d9b-4041-9722-139a4e4f087f","8d093c19-9d9b-4041-9722-139a4e4f087f",NULL,NULL,NULL,False,NULL,NULL,NULL,"2026-04-17 00:00:00+05:30","2026-05-07 00:00:00+05:30","2026-05-07 00:00:00+05:30",NULL,NULL,"Microsoft",NULL,NULL,False,True,"PENDING",NULL,NULL,NULL,"Not Awarded","[]","{}",NULL,NULL,"2026-06-12 16:18:29.389212+05:30","2026-06-12 16:18:29.389212+05:30",NULL,"GSN_ETS","Supply",0.0500,"Bid","2026-04-26 00:00:00+05:30","Closed","Submitted","Completed","Not Received","Globx is L4"
"4031ca4d-375f-48e7-8aec-7ed1cdebf1f2",NULL,"GEM/2025/B/6935931","MS Office LTSC Professional Plus 2024","Bangalore Metro",NULL,"GeM","MANUAL","AWAITING_RESULT","ACTIVE","8d093c19-9d9b-4041-9722-139a4e4f087f","8d093c19-9d9b-4041-9722-139a4e4f087f",17851785.00,61735.00,"EXEMPTED",True,17851785.00,17851785.00,17851785.00,"2025-11-26 00:00:00+05:30","2025-12-22 00:00:00+05:30","2025-12-22 00:00:00+05:30",NULL,NULL,"Microsoft",NULL,NULL,False,True,"PENDING",NULL,NULL,NULL,NULL,"[]","{}",NULL,NULL,"2026-06-12 16:18:29.250125+05:30","2026-06-12 16:18:29.250125+05:30",NULL,"GSN_ETS","Supply",0.0500,"Bid","2026-12-25 00:00:00+05:30","Closed","Submitted","Awaiting","To be determined","Result Pending"
"425c33f2-63d4-4e63-bd4e-4d0f9b3a1cf7",NULL,"GEM/2026/B/7308476","Microsoft Office LTSC Standard 2024","Indian Army (03/03/26)",NULL,"GeM","MANUAL","AWAITING_RESULT","ACTIVE","8d093c19-9d9b-4041-9722-139a4e4f087f","8d093c19-9d9b-4041-9722-139a4e4f087f",3526000.00,178470.00,"ONLINE",False,NULL,NULL,NULL,"2026-03-03 00:00:00+05:30",NULL,NULL,NULL,NULL,"Microsoft",NULL,NULL,False,False,"PENDING",NULL,NULL,NULL,"PAC Only Limiting to Particular Vendors","[]","{}",NULL,NULL,"2026-06-12 16:18:29.361859+05:30","2026-06-12 16:18:29.361859+05:30",NULL,"GSN_ETS","Implementation",0.0500,"Bid to RA","2026-03-26 00:00:00+05:30","Closed","Not Submitted",NULL,NULL,NULL
"43b0683d-5d1d-485a-818f-1866e4943ba7",NULL,"GEM/2026/B/7360277","Microsoft Office LTSC Standard 2024","SJVN Limited Shimla",NULL,"GeM","MANUAL","AWAITING_RESULT","ACTIVE","8d093c19-9d9b-4041-9722-139a4e4f087f","8d093c19-9d9b-4041-9722-139a4e4f087f",6516600.00,128847.00,"ONLINE",False,6516600.00,6516600.00,6516600.00,"2026-03-23 00:00:00+05:30",NULL,NULL,NULL,NULL,"Microsoft",NULL,NULL,False,True,"PENDING",NULL,NULL,NULL,NULL,"[]","{}",NULL,NULL,"2026-06-12 16:18:29.372425+05:30","2026-06-12 16:18:29.372425+05:30",NULL,"GSN_ETS","Implementation",0.0500,"Bid","2026-03-26 00:00:00+05:30","Closed","Submitted","Awaiting","To be determined","Result Pending"
"43d580b6-888a-4560-9b09-a91df384ea10",NULL,"GEM/2025/B/6916553","Microsoft Office LTSC","Skill Employment And Entrepreneurship Department - Assam",NULL,"GeM","MANUAL","AWAITING_RESULT","ACTIVE","8d093c19-9d9b-4041-9722-139a4e4f087f","8d093c19-9d9b-4041-9722-139a4e4f087f",NULL,100000.00,"ONLINE",False,NULL,NULL,NULL,"2025-12-18 00:00:00+05:30","2026-01-08 00:00:00+05:30","2026-01-08 00:00:00+05:30",NULL,NULL,"Microsoft",NULL,NULL,False,False,"PENDING",NULL,NULL,NULL,"Not Eligibility","[]","{}",NULL,NULL,"2026-06-12 16:18:29.282244+05:30","2026-06-12 16:18:29.282244+05:30",NULL,"GSN_ETS","Implementation",0.0500,"Bid","2026-12-25 00:00:00+05:30","Closed","Not Submitted",NULL,NULL,NULL
"4671501e-3a3d-4c51-9f0c-bb07c872f68f",NULL,"GEM/2026/B/7506968","Microsoft 365 A3 Faculty License,M365 A3 Student use benefit","IIM Kozhikode",NULL,"GeM","MANUAL","AWAITING_RESULT","ACTIVE","8d093c19-9d9b-4041-9722-139a4e4f087f","8d093c19-9d9b-4041-9722-139a4e4f087f",981000.00,30000.00,"ONLINE",False,NULL,NULL,NULL,"2026-05-06 00:00:00+05:30","2026-05-27 00:00:00+05:30","2026-05-27 00:00:00+05:30",NULL,NULL,"Microsoft",NULL,NULL,False,True,"PENDING",NULL,NULL,NULL,NULL,"[]","{}",NULL,NULL,"2026-06-12 16:18:29.40491+05:30","2026-06-12 16:18:29.40491+05:30",NULL,"GSN_ETS","Implementation",NULL,"Bid","2026-05-26 00:00:00+05:30","Closed","Submitted","Awaiting","To be determined","Result Pending"
"47b1f246-0ead-4d90-b488-978781c00e86",NULL,"GEM/2026/B/7139304","Autodesk & Autodesk LT","Indian Oil Corporation Limited",NULL,"GeM","MANUAL","AWAITING_RESULT","ACTIVE","8d093c19-9d9b-4041-9722-139a4e4f087f","8d093c19-9d9b-4041-9722-139a4e4f087f",13267990.00,32000.00,"ONLINE",False,13267990.00,13267990.00,13267990.00,"2026-03-02 00:00:00+05:30","2026-03-20 00:00:00+05:30","2026-03-20 00:00:00+05:30",NULL,NULL,"AutoDesk",NULL,NULL,False,True,"PENDING",NULL,NULL,NULL,NULL,"[]","{}",NULL,NULL,"2026-06-12 16:18:29.3573+05:30","2026-06-12 16:18:29.3573+05:30",NULL,"GSN_ETS","Implementation",0.0500,"Bid","2026-03-26 00:00:00+05:30","Closed","Submitted","Awaiting","To be determined",NULL
"4a565258-185e-467e-afbd-13dbce0ec2c7",NULL,"GEM/2026/B/7327401","Microsoft SQL Server 2025 2-core without SA","Settlement Commissioner and Director of Land Records",NULL,"GeM","MANUAL","AWAITING_RESULT","ACTIVE","8d093c19-9d9b-4041-9722-139a4e4f087f","8d093c19-9d9b-4041-9722-139a4e4f087f",57837560.00,1223904.00,"ONLINE",False,57837560.00,57837560.00,57837560.00,"2026-03-18 00:00:00+05:30",NULL,NULL,NULL,NULL,"Microsoft",NULL,NULL,False,True,"PENDING",NULL,NULL,NULL,NULL,"[]","{}",NULL,NULL,"2026-06-12 16:18:29.364399+05:30","2026-06-12 16:18:29.364399+05:30",NULL,"GSN_ETS","Implementation",0.0500,"Bid to RA","2026-03-26 00:00:00+05:30","Closed","Submitted","Awaiting","To be determined","Result Pending"
"4beb346c-8f26-468b-ac0b-caf21e33ffdd",NULL,"GEM/2025/B/7023518","Microsoft Office LTSC Standard 2024","NAFED, Delhi",NULL,"GeM","MANUAL","AWAITING_RESULT","ACTIVE","8d093c19-9d9b-4041-9722-139a4e4f087f","8d093c19-9d9b-4041-9722-139a4e4f087f",7200000.00,50000.00,"ONLINE",False,NULL,NULL,NULL,"2026-01-22 00:00:00+05:30","2026-02-12 00:00:00+05:30","2026-02-12 00:00:00+05:30",NULL,NULL,"Microsoft",NULL,NULL,False,False,"PENDING",NULL,NULL,NULL,"Didn't get product clarification from ND. Volume License","[]","{}",NULL,NULL,"2026-06-12 16:18:29.316187+05:30","2026-06-12 16:18:29.316187+05:30",NULL,"GSN_ETS","Implementation",NULL,"Bid","2026-01-26 00:00:00+05:30","Closed","Not Submitted",NULL,NULL,NULL
"4f44ac4d-f8bd-4e80-8327-c106699b46f8",NULL,"GEM/2026/B/7312085","Microsoft 365 NCE CoPilot
ANN","Mangalore Refinery & Petrochemicals Limited",NULL,"GeM","MANUAL","AWAITING_RESULT","ACTIVE","8d093c19-9d9b-4041-9722-139a4e4f087f","8d093c19-9d9b-4041-9722-139a4e4f087f",120000.00,NULL,NULL,False,NULL,NULL,NULL,"2026-03-02 00:00:00+05:30","2026-03-17 00:00:00+05:30","2026-03-17 00:00:00+05:30",NULL,NULL,"Microsoft",NULL,NULL,False,False,"PENDING",NULL,NULL,NULL,"Didn't get MAF on time","[]","{}",NULL,NULL,"2026-06-12 16:18:29.352908+05:30","2026-06-12 16:18:29.352908+05:30",NULL,"GSN_ETS","Supply",NULL,"Bid","2026-02-26 00:00:00+05:30","Closed","Not Submitted",NULL,NULL,NULL
"504a3503-9957-4f6a-a127-68dcbdd81308",NULL,"GEM/2026/B/7243639","10 Manpower Supply","Department Of Defence Research & Development",NULL,"GeM","MANUAL","AWAITING_RESULT","ACTIVE","8d093c19-9d9b-4041-9722-139a4e4f087f","8d093c19-9d9b-4041-9722-139a4e4f087f",6157000.00,NULL,NULL,False,NULL,NULL,NULL,"2026-02-16 00:00:00+05:30","2026-03-09 00:00:00+05:30","2026-03-09 00:00:00+05:30",NULL,NULL,"Manpower",NULL,NULL,False,False,"PENDING",NULL,NULL,NULL,"Didn't get the GeM approval for nanpower catogery","[]","{}",NULL,NULL,"2026-06-12 16:18:29.333831+05:30","2026-06-12 16:18:29.333831+05:30",NULL,"GSN_ETS",NULL,0.0500,"Bid","2026-02-26 00:00:00+05:30","Closed","Not Submitted",NULL,NULL,NULL
"50d28934-77e9-4266-a4b4-42e349c5ae74",NULL,"GEM/2026/B/7614032","M365 Apps Enterprise Sub Per User (3JJ-00003)","National Insurance Company Limited",NULL,"GeM","MANUAL","DISCOVERED","ACTIVE","8d093c19-9d9b-4041-9722-139a4e4f087f","8d093c19-9d9b-4041-9722-139a4e4f087f",NULL,NULL,"EXEMPTED",True,NULL,NULL,NULL,"2026-06-02 00:00:00+05:30","2026-06-15 00:00:00+05:30","2026-06-15 00:00:00+05:30",NULL,NULL,"Microsoft",NULL,NULL,False,True,"PENDING",NULL,NULL,NULL,"The Bidder must be a certified Licensing Solution Provider (LSP) of Microsoft for Enterprise Agreement (EA), as on the Bid Submission date of RFP.","[]","{}",NULL,NULL,"2026-06-12 16:18:29.437862+05:30","2026-06-12 16:18:29.437862+05:30",NULL,"GSN_ETS","Implementation",0.0300,"Bid to RA","2026-06-26 00:00:00+05:30","Active","In Progress","Not evaluated","Not evaluated","BID IN PROGRESS"
"5551ac4a-2a7a-4370-b22c-26156faaa5dc","OHPC:TECH:C&P:56/2025-2026/10910",NULL,"Microsoft Project Professioanal 2024","Odisha Hydro Power Corporation Ltd",NULL,"Private","MANUAL","AWAITING_RESULT","ACTIVE","8d093c19-9d9b-4041-9722-139a4e4f087f","8d093c19-9d9b-4041-9722-139a4e4f087f",99544.00,1000.00,"ONLINE",False,99544.00,99544.00,99544.00,"2025-12-31 00:00:00+05:30","2026-01-09 00:00:00+05:30","2026-01-09 00:00:00+05:30",NULL,NULL,"Microsoft",NULL,NULL,False,True,"PENDING",NULL,NULL,NULL,"Awarded","[]","{}",NULL,NULL,"2026-06-12 16:18:29.300661+05:30","2026-06-12 16:18:29.300661+05:30",NULL,"GSN_ETS","Implementation",NULL,"Bid","2026-12-25 00:00:00+05:30","Closed","Submitted","Qualified","Received",NULL
"5593a791-045c-43aa-9d9e-d5011b0b835e",NULL,"GEM/2025/B/6916553","Microsoft Windows 11 Pro","Skill Employment And Entrepreneurship Department - Assam",NULL,"GeM","MANUAL","AWAITING_RESULT","ACTIVE","8d093c19-9d9b-4041-9722-139a4e4f087f","8d093c19-9d9b-4041-9722-139a4e4f087f",NULL,100000.00,"ONLINE",False,NULL,NULL,NULL,"2025-12-18 00:00:00+05:30","2026-01-08 00:00:00+05:30","2026-01-08 00:00:00+05:30",NULL,NULL,"Microsoft",NULL,NULL,False,False,"PENDING",NULL,NULL,NULL,"Not Eligibility","[]","{}",NULL,NULL,"2026-06-12 16:18:29.283701+05:30","2026-06-12 16:18:29.283701+05:30",NULL,"GSN_ETS","Implementation",0.0500,"Bid","2026-12-25 00:00:00+05:30","Closed","Not Submitted",NULL,NULL,NULL
"5eec3764-fd91-4090-8107-bfb125c7e923",NULL,"GEM/2026/B/7547581","AutoCAD LT software for 3 year license","National Security Guards",NULL,"GeM","MANUAL","AWAITING_RESULT","ACTIVE","8d093c19-9d9b-4041-9722-139a4e4f087f","8d093c19-9d9b-4041-9722-139a4e4f087f",95580.00,NULL,NULL,False,NULL,NULL,NULL,"2026-05-15 00:00:00+05:30","2026-05-25 00:00:00+05:30","2026-05-25 00:00:00+05:30",NULL,NULL,"AutoDesk",NULL,NULL,False,True,"PENDING",NULL,NULL,NULL,"Bid Awarded","[]","{}",NULL,NULL,"2026-06-12 16:18:29.418035+05:30","2026-06-12 16:18:29.418035+05:30",NULL,"GSN_ETS","Implementation",NULL,"Bid To RA","2026-05-26 00:00:00+05:30","Closed","Submitted","Qulaified","To be determined","Globx is L1"
"5f159a48-f57b-4c33-a21a-4cb5406c742d",NULL,"GEM/2026/B/7363143","Microsoft Office LTSC Standard 2024","IIIT Bhagalpur",NULL,"GeM","MANUAL","AWAITING_RESULT","ACTIVE","8d093c19-9d9b-4041-9722-139a4e4f087f","8d093c19-9d9b-4041-9722-139a4e4f087f",2550000.00,NULL,NULL,False,2550000.00,2550000.00,2550000.00,"2026-03-16 00:00:00+05:30",NULL,NULL,NULL,NULL,"Microsoft",NULL,NULL,False,True,"PENDING",NULL,NULL,NULL,NULL,"[]","{}",NULL,NULL,"2026-06-12 16:18:29.373935+05:30","2026-06-12 16:18:29.373935+05:30",NULL,"GSN_ETS","Implementation",NULL,"Bid","2026-03-26 00:00:00+05:30","Closed","Submitted","Awaiting","To be determined","Result Pending"
"60dc0c98-1f28-4a09-bb22-cd36241a1dd4",NULL,"GEM/2026/B/7061148","MICROSOFT OFFICE 365 Enterprise ANNUAL
SUBSCRIPTION","Mangalore Refinery & Petrochemicals Limited",NULL,"GeM","MANUAL","AWAITING_RESULT","ACTIVE","8d093c19-9d9b-4041-9722-139a4e4f087f","8d093c19-9d9b-4041-9722-139a4e4f087f",2779000.00,56000.00,"EXEMPTED",True,NULL,NULL,NULL,"2026-01-01 00:00:00+05:30","2026-01-16 00:00:00+05:30","2026-01-16 00:00:00+05:30",NULL,NULL,"Microsoft",NULL,NULL,False,False,"PENDING",NULL,NULL,NULL,"Need Eligibility criteria clarification","[]","{}",NULL,NULL,"2026-06-12 16:18:29.295966+05:30","2026-06-12 16:18:29.295966+05:30",NULL,"GSN_ETS","Implementation",0.0500,"Bid","2026-01-26 00:00:00+05:30","Closed","Not Submitted",NULL,NULL,NULL
"65079d28-01ca-4c6b-a94f-2542955d2b3e",NULL,"GEM/2025/B/7001569","M365 Co-Pilot licenses: 15 Qty","General Insurance Corporation Of India (gic)",NULL,"GeM","MANUAL","AWAITING_RESULT","ACTIVE","8d093c19-9d9b-4041-9722-139a4e4f087f","8d093c19-9d9b-4041-9722-139a4e4f087f",500000.00,NULL,NULL,False,NULL,NULL,NULL,"2025-12-29 00:00:00+05:30","2026-01-19 00:00:00+05:30","2026-01-19 00:00:00+05:30",NULL,NULL,"Microsoft",NULL,NULL,False,False,"PENDING",NULL,NULL,NULL,"Did get the compliance document from Microsoft. Also comfusion at MS regarding account manager 
internally","[]","{}",NULL,NULL,"2026-06-12 16:18:29.28922+05:30","2026-06-12 16:18:29.28922+05:30",NULL,"GSN_ETS","Implementation",0.0500,"Bid","2026-12-25 00:00:00+05:30","Closed","Not Submitted",NULL,NULL,NULL
"682cfd1c-88ff-492f-8890-8f0a5b5923c4",NULL,"GEM/2026/B/7374443","Microsoft 365 A3 (Faculty & Student)","IIM Calcutta",NULL,"GeM","MANUAL","AWAITING_RESULT","ACTIVE","8d093c19-9d9b-4041-9722-139a4e4f087f","8d093c19-9d9b-4041-9722-139a4e4f087f",587544.00,22000.00,"ONLINE",False,587544.00,587544.00,587544.00,"2026-04-01 00:00:00+05:30",NULL,NULL,NULL,NULL,"Microsoft",NULL,NULL,False,True,"PENDING",NULL,NULL,NULL,"Bid Awarded","[]","{}",NULL,NULL,"2026-06-12 16:18:29.379304+05:30","2026-06-12 16:18:29.379304+05:30",NULL,"GSN_ETS","Supply",NULL,"Bid","2026-04-26 00:00:00+05:30","Closed","Submitted","Qualified","Received","Globx Price is L1"
"6ae06ee4-c66d-45d9-afec-0552ea4cb518",NULL,"GEM/2026/B/7599675","autocadsingleuser3years","South Eastern Railway",NULL,"GeM","MANUAL","DISCOVERED","ACTIVE","8d093c19-9d9b-4041-9722-139a4e4f087f","8d093c19-9d9b-4041-9722-139a4e4f087f",NULL,NULL,NULL,False,NULL,NULL,NULL,"2026-06-02 00:00:00+05:30","2026-06-13 00:00:00+05:30","2026-06-13 00:00:00+05:30",NULL,NULL,"AutoDesk",NULL,NULL,False,True,"PENDING",NULL,NULL,NULL,NULL,"[]","{}",NULL,NULL,"2026-06-12 16:18:29.439412+05:30","2026-06-12 16:18:29.439412+05:30",NULL,"GSN_ETS","Implementation",NULL,"BID","2026-06-26 00:00:00+05:30","Active","In Progress","Not evaluated","Not evaluated","BID IN PROGRESS"
"6e8564f4-069d-4c6f-909b-bb3c759ef281",NULL,"GEM/2026/B/7518592","Windows GGWA - Windows 11 Pro - Legalization Get G","Indian Space Research Organization",NULL,"GeM","MANUAL","AWAITING_RESULT","ACTIVE","8d093c19-9d9b-4041-9722-139a4e4f087f","8d093c19-9d9b-4041-9722-139a4e4f087f",NULL,NULL,NULL,False,NULL,NULL,NULL,"2026-05-11 00:00:00+05:30","2026-06-01 00:00:00+05:30","2026-06-01 00:00:00+05:30",NULL,NULL,"AutoDesk",NULL,NULL,False,False,"PENDING",NULL,NULL,NULL,"Product Category Not showng in Gem Portal","[]","{}",NULL,NULL,"2026-06-12 16:18:29.411909+05:30","2026-06-12 16:18:29.411909+05:30",NULL,"GSN_ETS","Implementation",NULL,"Bid","2026-05-26 00:00:00+05:30","Closed","Not Submited",NULL,NULL,NULL
"71ba2707-7826-4e13-8afd-fcbbe7e96b03",NULL,"GEM/2026/B/7233636","Microsoft 365 BS (No Teams)","Jawaharlal Nehru Port Trust",NULL,"GeM","MANUAL","AWAITING_RESULT","ACTIVE","8d093c19-9d9b-4041-9722-139a4e4f087f","8d093c19-9d9b-4041-9722-139a4e4f087f",1527714.00,33000.00,"ONLINE",False,1527714.00,1527714.00,1527714.00,"2026-02-13 00:00:00+05:30","2026-02-23 00:00:00+05:30","2026-02-23 00:00:00+05:30",NULL,NULL,"Microsoft",NULL,NULL,False,True,"PENDING",NULL,NULL,NULL,"Awarded","[]","{}",NULL,NULL,"2026-06-12 16:18:29.330624+05:30","2026-06-12 16:18:29.330624+05:30",NULL,"GSN_ETS","Implementation",0.0500,"Bid to RA","2026-02-26 00:00:00+05:30","Closed","Submitted","Qualified","Received","Globx Price is L1"
"75e3f674-e8f3-49d5-a741-5d3217d821b9",NULL,"GEM/2026/B/7240258","Microsoft Office LTSC Standard 2024-Academic Perpetual Licence","Dayalbagh Educational Institute",NULL,"GeM","MANUAL","AWAITING_RESULT","ACTIVE","8d093c19-9d9b-4041-9722-139a4e4f087f","8d093c19-9d9b-4041-9722-139a4e4f087f",484000.00,NULL,NULL,False,NULL,NULL,NULL,"2026-02-14 00:00:00+05:30","2026-03-07 00:00:00+05:30","2026-03-07 00:00:00+05:30",NULL,NULL,"Microsoft",NULL,NULL,False,False,"PENDING",NULL,NULL,NULL,"Did get the MAF from Microsoft","[]","{}",NULL,NULL,"2026-06-12 16:18:29.336951+05:30","2026-06-12 16:18:29.336951+05:30",NULL,"GSN_ETS","Implementation",NULL,"Bid","2026-02-26 00:00:00+05:30","Closed","Not Submitted",NULL,NULL,NULL
"762f088c-cde3-4ae4-b2b9-aee0d437760d",NULL,"GEM/2026/B/7588432","Microsoft Power BI Pro License","Mangalore Refinery & Petrochemicals Limited",NULL,"GeM","MANUAL","DISCOVERED","ACTIVE","8d093c19-9d9b-4041-9722-139a4e4f087f","8d093c19-9d9b-4041-9722-139a4e4f087f",NULL,NULL,NULL,False,NULL,NULL,NULL,"2026-05-26 00:00:00+05:30","2026-06-16 00:00:00+05:30","2026-06-16 00:00:00+05:30",NULL,NULL,"Microsoft",NULL,NULL,False,True,"PENDING",NULL,NULL,NULL,NULL,"[]","{}",NULL,NULL,"2026-06-12 16:18:29.436321+05:30","2026-06-12 16:18:29.436321+05:30",NULL,"GSN_ETS","Implementation",NULL,"BID","2026-05-26 00:00:00+05:30","Active","In Progress","Not evaluated","Not evaluated","BID IN PROGRESS"
"766eed81-f03c-4837-b499-d4b8380c6a18",NULL,"GEM/2026/B/7485209","Microsoft Office LTSC Standard 2024","Electronics Corporation Of India Limited",NULL,"GeM","MANUAL","AWAITING_RESULT","ACTIVE","8d093c19-9d9b-4041-9722-139a4e4f087f","8d093c19-9d9b-4041-9722-139a4e4f087f",200000.00,NULL,NULL,False,NULL,NULL,NULL,"2026-04-28 00:00:00+05:30","2026-05-08 00:00:00+05:30","2026-05-08 00:00:00+05:30",NULL,NULL,"Microsoft",NULL,NULL,False,True,"PENDING",NULL,NULL,NULL,NULL,"[]","{}",NULL,NULL,"2026-06-12 16:18:29.398355+05:30","2026-06-12 16:18:29.398355+05:30",NULL,"GSN_ETS","SUPPLY",NULL,"Bid","2026-04-26 00:00:00+05:30","Closed","Submitted","Awaiting","To be determined","Result Pending"
"7acdfb87-6884-4de8-81bc-61711d93758d",NULL,"GEM/2025/B/7016398","Microsoft Office LTSC Pro Plus","Tea Board",NULL,"GeM","MANUAL","AWAITING_RESULT","ACTIVE","8d093c19-9d9b-4041-9722-139a4e4f087f","8d093c19-9d9b-4041-9722-139a4e4f087f",4984666.00,NULL,NULL,False,4984666.00,4984666.00,4984666.00,"2025-12-18 00:00:00+05:30","2026-01-08 00:00:00+05:30","2026-01-08 00:00:00+05:30",NULL,NULL,"Microsoft",NULL,NULL,False,True,"PENDING",NULL,NULL,NULL,"Our Price L14","[]","{}",NULL,NULL,"2026-06-12 16:18:29.280568+05:30","2026-06-12 16:18:29.280568+05:30",NULL,"GSN_ETS","Implementation",0.0500,"Bid","2026-12-25 00:00:00+05:30","Closed","Submitted","Completed","Not Received","Not Awarded"
"7b58db1a-b3c4-4673-9cc7-e6642f495f0b",NULL,"GEM/2025/B/7037503","Microsoft 365 Business Basic (Teams & No Teams) and 365 Office Defender Plan 1","Odisha Power Generation Corporation Limited",NULL,"GeM","MANUAL","AWAITING_RESULT","ACTIVE","8d093c19-9d9b-4041-9722-139a4e4f087f","8d093c19-9d9b-4041-9722-139a4e4f087f",962000.00,21000.00,"ONLINE",False,NULL,NULL,NULL,"2026-01-10 00:00:00+05:30","2026-01-26 00:00:00+05:30","2026-01-26 00:00:00+05:30",NULL,NULL,"Microsoft",NULL,NULL,False,False,"PENDING",NULL,NULL,NULL,"Not able to complete document on time, EMD & Notary- Due to holiday.","[]","{}",NULL,NULL,"2026-06-12 16:18:29.307287+05:30","2026-06-12 16:18:29.307287+05:30",NULL,"GSN_ETS","Support",NULL,"Bid","2026-01-26 00:00:00+05:30","Closed","Not Submitted",NULL,NULL,NULL
"7df4e014-ae19-4702-8ee0-f3e25c5e6708",NULL,"GEM/2026/B/7447421","Microsoft 365 Business Standard , Microsoft 365 E5 (No Teams) without audio conferencing for 1 year","Airports Authority Of India",NULL,"GeM","MANUAL","AWAITING_RESULT","ACTIVE","8d093c19-9d9b-4041-9722-139a4e4f087f","8d093c19-9d9b-4041-9722-139a4e4f087f",NULL,10301.00,"ONLINE",False,NULL,NULL,NULL,"2026-04-17 00:00:00+05:30","2026-05-08 00:00:00+05:30","2026-05-08 00:00:00+05:30",NULL,NULL,"Microsoft",NULL,NULL,False,False,"PENDING",NULL,NULL,NULL,NULL,"[]","{}",NULL,NULL,"2026-06-12 16:18:29.38774+05:30","2026-06-12 16:18:29.38774+05:30",NULL,"GSN_ETS","SUPPORT",0.0500,"Bid","2026-04-26 00:00:00+05:30","Closed","Not Submitted",NULL,NULL,NULL
"8260f21c-0ea4-43e8-9860-c1fd0349f99d",NULL,"GEM/2025/B/6950996","Microsoft Office LTSC Standard, Windows 11 Pro, Windows Server 2025 Std & Antivirus Software","Indian Army 14/1/26",NULL,"GeM","MANUAL","AWAITING_RESULT","ACTIVE","8d093c19-9d9b-4041-9722-139a4e4f087f","8d093c19-9d9b-4041-9722-139a4e4f087f",3799500.00,230000.00,"ONLINE",False,NULL,NULL,NULL,"2026-01-14 00:00:00+05:30","2026-02-04 00:00:00+05:30","2026-02-04 00:00:00+05:30",NULL,NULL,"Microsoft",NULL,NULL,False,False,"PENDING",NULL,NULL,NULL,"Didn't get MAF for Antivirus, as it is out of territory of your supplier","[]","{}",NULL,NULL,"2026-06-12 16:18:29.309313+05:30","2026-06-12 16:18:29.309313+05:30",NULL,"GSN_ETS","Implementation",0.0500,"Bid","2026-01-26 00:00:00+05:30","Closed","Not Submitted",NULL,NULL,NULL
"82b8e8aa-a84a-4f34-9e52-e3c76afc88c5",NULL,"GEM/2025/B/7028848","Office Suite Software 2024 Professional Lifetime With CD","Indian Army",NULL,"GeM","MANUAL","AWAITING_RESULT","ACTIVE","8d093c19-9d9b-4041-9722-139a4e4f087f","8d093c19-9d9b-4041-9722-139a4e4f087f",3430000.00,36400.00,"ONLINE",False,NULL,NULL,NULL,"2026-01-02 00:00:00+05:30","2026-01-23 00:00:00+05:30","2026-01-23 00:00:00+05:30",NULL,NULL,"Microsoft",NULL,NULL,False,False,"PENDING",NULL,NULL,NULL,"Need product clerification clarification","[]","{}",NULL,NULL,"2026-06-12 16:18:29.299142+05:30","2026-06-12 16:18:29.299142+05:30",NULL,"GSN_ETS","Implementation",0.0300,"Bid to RA","2026-12-25 00:00:00+05:30","Closed","Not Submitted",NULL,NULL,NULL
"82bd8a23-2102-4b3b-b0f0-db07b6696358",NULL,"GEM/2026/B/7268323","Microsoft Planner and Project Plan 3","Balmer Lawrie And Company Limited",NULL,"GeM","MANUAL","AWAITING_RESULT","ACTIVE","8d093c19-9d9b-4041-9722-139a4e4f087f","8d093c19-9d9b-4041-9722-139a4e4f087f",180904.00,NULL,NULL,False,180904.00,180904.00,180904.00,"2026-02-20 00:00:00+05:30","2026-03-13 00:00:00+05:30","2026-03-13 00:00:00+05:30",NULL,NULL,"Microsoft",NULL,NULL,False,True,"PENDING",NULL,NULL,NULL,"Awarded","[]","{}",NULL,NULL,"2026-06-12 16:18:29.342314+05:30","2026-06-12 16:18:29.342314+05:30",NULL,"GSN_ETS","Implementation",NULL,"Bid","2026-02-26 00:00:00+05:30","Closed","Submitted","Qualified","Received","Globx Price is L1"
"8384fff1-3fa7-4e07-aae0-973c6ed000ac",NULL,"GEM/2026/B/7540036","Microsoft Office LTSC Standard 2021 or Latest","HAL",NULL,"GeM","MANUAL","DISCOVERED","ACTIVE","8d093c19-9d9b-4041-9722-139a4e4f087f","8d093c19-9d9b-4041-9722-139a4e4f087f",NULL,NULL,NULL,False,NULL,NULL,NULL,"2026-05-14 00:00:00+05:30","2026-06-04 00:00:00+05:30","2026-06-04 00:00:00+05:30",NULL,NULL,"Microsoft",NULL,NULL,False,False,"PENDING",NULL,NULL,NULL,"Cannot be submitted due to gem portal & microsoft vendor assessment due to which their product link issue","[]","{}",NULL,NULL,"2026-06-12 16:18:29.431056+05:30","2026-06-12 16:18:29.431056+05:30",NULL,"GSN_ETS","Implementation",NULL,"Bid to RA","2026-05-26 00:00:00+05:30","Active","Not Submitted",NULL,NULL,NULL
"86c44959-4a99-477c-94d8-da62581a02d2",NULL,"GEM/2026/B/7586158","Microsoft office 2024 Professional Plus","National Disaster Response Force",NULL,"GeM","MANUAL","DISCOVERED","ACTIVE","8d093c19-9d9b-4041-9722-139a4e4f087f","8d093c19-9d9b-4041-9722-139a4e4f087f",NULL,NULL,NULL,False,NULL,NULL,NULL,"2026-05-29 00:00:00+05:30","2026-06-19 00:00:00+05:30","2026-06-19 00:00:00+05:30",NULL,NULL,"Microsoft",NULL,NULL,False,True,"PENDING",NULL,NULL,NULL,"Cannot be submitted due to gem portal & microsoft vendor assessment due to which their product link issue","[]","{}",NULL,NULL,"2026-06-12 16:18:29.429624+05:30","2026-06-12 16:18:29.429624+05:30",NULL,"GSN_ETS","Implementation",NULL,"Bid to RA","2026-05-26 00:00:00+05:30","Active","In Progress","Not evaluated","Not evaluated","BID IN PROGRESS"
"88d72fbd-61d6-4d8e-aa7f-9205edba1e86",NULL,"GEM/2026/B/7443623","Microsoft 365 Business Standard","The Fertilisers And Chemicals Travancore Limited",NULL,"GeM","MANUAL","AWAITING_RESULT","ACTIVE","8d093c19-9d9b-4041-9722-139a4e4f087f","8d093c19-9d9b-4041-9722-139a4e4f087f",200000.00,NULL,NULL,False,NULL,NULL,NULL,"2026-04-27 00:00:00+05:30","2026-05-18 00:00:00+05:30","2026-05-18 00:00:00+05:30",NULL,NULL,"Microsoft",NULL,NULL,False,False,"PENDING",NULL,NULL,NULL,"Product not mentioned","[]","{}",NULL,NULL,"2026-06-12 16:18:29.403246+05:30","2026-06-12 16:18:29.403246+05:30",NULL,"GSN_ETS","SUPPLY",NULL,"Bid","2026-04-26 00:00:00+05:30","Closed","Not Submitted",NULL,NULL,NULL
"891a5fdd-b913-456d-96d1-c24e40ffb01f",NULL,"GEM/2026/B/7493002","M 365 Apps for business","Software Technology Parks Of India (stpi)",NULL,"GeM","MANUAL","AWAITING_RESULT","ACTIVE","8d093c19-9d9b-4041-9722-139a4e4f087f","8d093c19-9d9b-4041-9722-139a4e4f087f",428411.00,NULL,NULL,False,428411.00,428411.00,428411.00,"2026-04-30 00:00:00+05:30","2026-05-11 00:00:00+05:30","2026-05-11 00:00:00+05:30",NULL,NULL,"Microsoft",NULL,NULL,False,True,"PENDING",NULL,NULL,NULL,"Not Awarded","[]","{}",NULL,NULL,"2026-06-12 16:18:29.399845+05:30","2026-06-12 16:18:29.399845+05:30",NULL,"GSN_ETS","SUPPLY",0.0300,"Bid","2026-04-26 00:00:00+05:30","Closed","Submitted","Completed","Not Received","Globx is L4"
"8a3d7747-80af-46c1-924c-6f25c098d296",NULL,"GEM/2026/B/7548573","AutoCAD LT 2026 Commercial New Single-user ELD","Hindustan Aeronautics Limited (hal)",NULL,"GeM","MANUAL","DISCOVERED","ACTIVE","8d093c19-9d9b-4041-9722-139a4e4f087f","8d093c19-9d9b-4041-9722-139a4e4f087f",95580.00,NULL,NULL,False,NULL,NULL,NULL,"2026-05-16 00:00:00+05:30","2026-06-06 00:00:00+05:30","2026-06-06 00:00:00+05:30",NULL,NULL,"Microsoft",NULL,NULL,False,True,"PENDING",NULL,NULL,NULL,NULL,"[]","{}",NULL,NULL,"2026-06-12 16:18:29.419829+05:30","2026-06-12 16:18:29.419829+05:30",NULL,"GSN_ETS","Implementation",NULL,"Bid To RA","2026-05-26 00:00:00+05:30","Active","In Progress","Not evaluated","Not evaluated","BID IN PROGRESS"
"8ed95923-2f9c-49ef-b514-e19a46198a2d",NULL,"GEM/2026/B/7345457","Microsoft 365 Business Basic","Rites Limited",NULL,"GeM","MANUAL","AWAITING_RESULT","ACTIVE","8d093c19-9d9b-4041-9722-139a4e4f087f","8d093c19-9d9b-4041-9722-139a4e4f087f",307800.00,NULL,NULL,False,307800.00,307800.00,307800.00,"2026-03-11 00:00:00+05:30","2026-03-24 00:00:00+05:30","2026-03-24 00:00:00+05:30",NULL,NULL,"Microsoft",NULL,NULL,False,True,"PENDING",NULL,NULL,NULL,"Not Awarded","[]","{}",NULL,NULL,"2026-06-12 16:18:29.359455+05:30","2026-06-12 16:18:29.359455+05:30",NULL,"GSN_ETS","Implementation",NULL,"Bid","2026-03-26 00:00:00+05:30","Closed","Submitted","Completed","Not Received","Got L2"
"9043d42f-e0cf-4c86-b0ef-7fa67f9bad49",NULL,"GEM/2026/B/7216657","Microsoft 365 Copilot","SIDBI",NULL,"GeM","MANUAL","AWAITING_RESULT","ACTIVE","8d093c19-9d9b-4041-9722-139a4e4f087f","8d093c19-9d9b-4041-9722-139a4e4f087f",2694600.00,32000.00,"ONLINE",False,NULL,NULL,NULL,"2026-02-17 00:00:00+05:30","2026-02-27 00:00:00+05:30","2026-02-27 00:00:00+05:30",NULL,NULL,"Microsoft",NULL,NULL,False,False,"PENDING",NULL,NULL,NULL,"Customer Cancel this bid","[]","{}",NULL,NULL,"2026-06-12 16:18:29.332416+05:30","2026-06-12 16:18:29.332416+05:30",NULL,"GSN_ETS","Implementation",NULL,"Bid to RA","2026-02-26 00:00:00+05:30","Closed","Not Submitted",NULL,NULL,NULL
"91a268d4-4f8d-4ff1-97c9-a6d455e6281f",NULL,"GEM/2026/B/7233937","Microsoft Office LTSC Standard 2024, Windows 11 Pro","Garden Reach Ship Builders And Engineers Limited (grse)",NULL,"GeM","MANUAL","AWAITING_RESULT","ACTIVE","8d093c19-9d9b-4041-9722-139a4e4f087f","8d093c19-9d9b-4041-9722-139a4e4f087f",4890000.00,NULL,NULL,False,NULL,NULL,NULL,"2026-02-13 00:00:00+05:30","2026-03-06 00:00:00+05:30","2026-03-06 00:00:00+05:30",NULL,NULL,"Microsoft",NULL,NULL,False,False,"PENDING",NULL,NULL,NULL,"Did get the MAF from Microsoft","[]","{}",NULL,NULL,"2026-06-12 16:18:29.338484+05:30","2026-06-12 16:18:29.338484+05:30",NULL,"GSN_ETS","Implementation",0.0500,"Bid to RA","2026-02-26 00:00:00+05:30","Closed","Not Submitted",NULL,NULL,NULL
"932dd286-30a4-4180-9909-4d42acd248bf",NULL,"GEM/2026/B/7504418","rh00003-1yrredhatenterpriselinuxpremium, rhelvdcpremiumrh00001-1years,","National Informatics Centre Services Incorporated",NULL,"GeM","MANUAL","AWAITING_RESULT","ACTIVE","8d093c19-9d9b-4041-9722-139a4e4f087f","8d093c19-9d9b-4041-9722-139a4e4f087f",NULL,NULL,NULL,False,NULL,NULL,NULL,"2026-05-11 00:00:00+05:30","2026-06-01 00:00:00+05:30","2026-06-01 00:00:00+05:30",NULL,NULL,"RedHat",NULL,NULL,False,False,"PENDING",NULL,NULL,NULL,"MAF & Other documents not received from OEM.","[]","{}",NULL,NULL,"2026-06-12 16:18:29.413342+05:30","2026-06-12 16:18:29.413342+05:30",NULL,"GSN_ETS","Implementation",0.0500,"Bid To RA","2026-05-26 00:00:00+05:30","Closed","Not Submitted",NULL,NULL,NULL
"9394617e-943a-4a6b-999e-9d767e05443c",NULL,"GEM/2026/B/7416719","Microsoft Office LTSC Standard 2024","Mecon Limited",NULL,"GeM","MANUAL","AWAITING_RESULT","ACTIVE","8d093c19-9d9b-4041-9722-139a4e4f087f","8d093c19-9d9b-4041-9722-139a4e4f087f",1428000.00,NULL,NULL,False,NULL,NULL,NULL,"2026-04-04 00:00:00+05:30",NULL,NULL,NULL,NULL,"Microsoft",NULL,NULL,False,False,"PENDING",NULL,NULL,NULL,"Didn't get MAF on time","[]","{}",NULL,NULL,"2026-06-12 16:18:29.376125+05:30","2026-06-12 16:18:29.376125+05:30",NULL,"GSN_ETS","Supply",NULL,"Bid","2026-04-26 00:00:00+05:30","Closed","Not Submitted",NULL,NULL,NULL
"9418e5b0-ebaf-43ca-9c83-423f5ee881ca",NULL,"GEM/2025/B/7007997","Product Not Clear","U R Rao Satellite Centre - ISRO",NULL,"GeM","MANUAL","AWAITING_RESULT","ACTIVE","8d093c19-9d9b-4041-9722-139a4e4f087f","8d093c19-9d9b-4041-9722-139a4e4f087f",NULL,NULL,NULL,False,NULL,NULL,NULL,"2025-12-30 00:00:00+05:30","2026-01-20 00:00:00+05:30","2026-01-20 00:00:00+05:30",NULL,NULL,"Microsoft",NULL,NULL,False,False,"PENDING",NULL,NULL,NULL,"Wrong Product listed","[]","{}",NULL,NULL,"2026-06-12 16:18:29.292477+05:30","2026-06-12 16:18:29.292477+05:30",NULL,"GSN_ETS","Implementation",0.0300,"Bid","2026-12-25 00:00:00+05:30","Closed","Not Submitted",NULL,NULL,"Canceled"
"99ca8ecf-d45c-412b-985d-2d078c4dc674",NULL,"GEM/2025/B/7020239","Microsoft Office LTSC 2024","Power Grid Corporation Of India Limited",NULL,"GeM","MANUAL","AWAITING_RESULT","ACTIVE","8d093c19-9d9b-4041-9722-139a4e4f087f","8d093c19-9d9b-4041-9722-139a4e4f087f",1530000.00,NULL,NULL,False,NULL,NULL,NULL,"2026-01-02 00:00:00+05:30","2026-01-17 00:00:00+05:30","2026-01-17 00:00:00+05:30",NULL,NULL,"Microsoft",NULL,NULL,False,False,"PENDING",NULL,NULL,NULL,"Wrong Product listed - Need Product clerification, product asked is Academic edition or a valid product for Power Grid","[]","{}",NULL,NULL,"2026-06-12 16:18:29.30582+05:30","2026-06-12 16:18:29.30582+05:30",NULL,"GSN_ETS","Implementation",NULL,"Bid","2026-01-26 00:00:00+05:30","Closed","Not Submitted",NULL,NULL,NULL
"9f44a80c-fcdf-4ea1-9187-f9a56d17bdec",NULL,"GEM/2026/B/7407583","Microsoft Office 2024 Professional LTSC","Indo Tibetan Border Police",NULL,"GeM","MANUAL","AWAITING_RESULT","ACTIVE","8d093c19-9d9b-4041-9722-139a4e4f087f","8d093c19-9d9b-4041-9722-139a4e4f087f",4216000.00,NULL,NULL,False,NULL,NULL,NULL,"2026-04-01 00:00:00+05:30",NULL,NULL,NULL,NULL,"Microsoft",NULL,NULL,False,False,"PENDING",NULL,NULL,NULL,"Didn't get MAF on time","[]","{}",NULL,NULL,"2026-06-12 16:18:29.377766+05:30","2026-06-12 16:18:29.377766+05:30",NULL,"GSN_ETS","Implementation",NULL,"Bid","2026-04-26 00:00:00+05:30","Closed","Not Submitted",NULL,NULL,NULL
"a2ab6db2-3a86-49fd-9c89-c19013728cb4",NULL,"GEM/2026/B/7404932","Microsoft Office LTSC Professional Plus 2024 , Microsoft Office LTSC Standard","BRBNMPL, Mysore",NULL,"GeM","MANUAL","AWAITING_RESULT","ACTIVE","8d093c19-9d9b-4041-9722-139a4e4f087f","8d093c19-9d9b-4041-9722-139a4e4f087f",NULL,398000.00,"ONLINE",False,NULL,NULL,NULL,"2026-04-20 00:00:00+05:30","2026-05-11 00:00:00+05:30","2026-05-11 00:00:00+05:30",NULL,NULL,"Microsoft",NULL,NULL,False,False,"PENDING",NULL,NULL,NULL,"MAF & No Malicious Certificate not received from OEM","[]","{}",NULL,NULL,"2026-06-12 16:18:29.392885+05:30","2026-06-12 16:18:29.392885+05:30",NULL,"GSN_ETS","SUPPLY",0.0500,"Bid","2026-04-26 00:00:00+05:30","Closed","Not Submitted",NULL,NULL,NULL
"a324c80d-3cf1-4228-904f-3379ce0a7f86",NULL,"GEM/2026/B/7296619","AutoCAD LT 2026 Commercial Single-User ELD 3- years Subscription","Directorate Of Mines And Geology Odisha",NULL,"GeM","MANUAL","AWAITING_RESULT","ACTIVE","8d093c19-9d9b-4041-9722-139a4e4f087f","8d093c19-9d9b-4041-9722-139a4e4f087f",2440800.00,90000.00,"ONLINE",False,NULL,NULL,NULL,"2026-02-26 00:00:00+05:30","2026-03-09 00:00:00+05:30","2026-03-09 00:00:00+05:30",NULL,NULL,"AutoDesk",NULL,NULL,False,False,"PENDING",NULL,NULL,NULL,"Didn't get the OEM Turnover certificate on time","[]","{}",NULL,NULL,"2026-06-12 16:18:29.34862+05:30","2026-06-12 16:18:29.34862+05:30",NULL,"GSN_ETS","Implementation",0.0500,"Bid to RA","2026-02-26 00:00:00+05:30","Closed","Not Submitted",NULL,NULL,NULL
"aff3df3d-6bdb-4b53-a7b0-5c2c091e5147",NULL,"GEM/2025/B/6963252","Microsoft Office LTSC 2024","Institute For Plasma Research",NULL,"GeM","MANUAL","AWAITING_RESULT","ACTIVE","8d093c19-9d9b-4041-9722-139a4e4f087f","8d093c19-9d9b-4041-9722-139a4e4f087f",431338.00,NULL,NULL,False,431338.00,431338.00,431338.00,"2025-12-08 00:00:00+05:30","2025-12-31 00:00:00+05:30","2025-12-31 00:00:00+05:30",NULL,NULL,"Microsoft",NULL,NULL,False,True,"PENDING",NULL,NULL,NULL,"H1 elimination","[]","{}",NULL,NULL,"2026-06-12 16:18:29.278956+05:30","2026-06-12 16:18:29.278956+05:30",NULL,"GSN_ETS","Implementation",NULL,"In RA","2026-12-25 00:00:00+05:30","Closed","Submitted","Completed","Not Received","Not Awarded"
"affa018b-f8b7-4121-a263-db1334ac838d",NULL,"GEM/2026/B/7268770","Microsoft Edu Cloud Licenses-12984 Qty","Indian Institute Of Foreign Trade (iift) Delhi",NULL,"GeM","MANUAL","AWAITING_RESULT","ACTIVE","8d093c19-9d9b-4041-9722-139a4e4f087f","8d093c19-9d9b-4041-9722-139a4e4f087f",2880000.00,57600.00,"ONLINE",False,NULL,NULL,NULL,"2026-02-26 00:00:00+05:30","2026-03-19 00:00:00+05:30","2026-03-19 00:00:00+05:30",NULL,NULL,"Microsoft",NULL,NULL,False,False,"PENDING",NULL,NULL,NULL,"Not able to complete the document in time","[]","{}",NULL,NULL,"2026-06-12 16:18:29.351589+05:30","2026-06-12 16:18:29.351589+05:30",NULL,"GSN_ETS","Support",0.0500,"Bid","2026-02-26 00:00:00+05:30","Closed","Not Submitted",NULL,NULL,NULL
"b2e47f9b-0ee7-43c2-a61f-90a587e1f320",NULL,"GEM/2025/B/7016627","Microsoft 365 Business Basic","ITER-India",NULL,"GeM","MANUAL","AWAITING_RESULT","ACTIVE","8d093c19-9d9b-4041-9722-139a4e4f087f","8d093c19-9d9b-4041-9722-139a4e4f087f",178724.00,NULL,NULL,False,178724.00,178724.00,178724.00,"2025-12-19 00:00:00+05:30","2026-01-12 00:00:00+05:30","2026-01-12 00:00:00+05:30",NULL,NULL,"Microsoft",NULL,NULL,False,True,"PENDING",NULL,NULL,NULL,"Not Awarded","[]","{}",NULL,NULL,"2026-06-12 16:18:29.285125+05:30","2026-06-12 16:18:29.285125+05:30",NULL,"GSN_ETS","Supply",NULL,"Bid","2026-12-25 00:00:00+05:30","Closed","Submitted","Completed","Not Received","Our Price L11"
"b4e13c14-0cef-4098-a91f-ccceabbbfa80",NULL,"GEM/2026/B/7422874","Microsoft SQL Server Standard Core 2022 SLng 2L (Select Plu) or Highe","NALCO",NULL,"GeM","MANUAL","AWAITING_RESULT","ACTIVE","8d093c19-9d9b-4041-9722-139a4e4f087f","8d093c19-9d9b-4041-9722-139a4e4f087f",NULL,NULL,NULL,False,NULL,NULL,NULL,"2026-04-11 00:00:00+05:30",NULL,NULL,NULL,NULL,"Microsoft",NULL,NULL,False,False,"PENDING",NULL,NULL,NULL,"Product asked is an older version; acceptance of the latest product is not confirmed yet.","[]","{}",NULL,NULL,"2026-06-12 16:18:29.383189+05:30","2026-06-12 16:18:29.383189+05:30",NULL,"GSN_ETS","Implementation",NULL,"Bid","2026-04-26 00:00:00+05:30","Closed","Not Submitted",NULL,NULL,NULL
"b4e9bedf-289a-4e00-bfd3-3ad4a8a7e03b",NULL,"GEM/2026/B/7406567","windowsserver2025standard-16corelicense(csp)","Indian Space Research Organization",NULL,"GeM","MANUAL","AWAITING_RESULT","ACTIVE","8d093c19-9d9b-4041-9722-139a4e4f087f","8d093c19-9d9b-4041-9722-139a4e4f087f",NULL,NULL,NULL,False,NULL,NULL,NULL,"2026-04-06 00:00:00+05:30","2026-05-22 00:00:00+05:30","2026-05-22 00:00:00+05:30",NULL,NULL,"AutoDesk",NULL,NULL,False,False,"PENDING",NULL,NULL,NULL,"MAF NOT RECEIVED FROM OEM","[]","{}",NULL,NULL,"2026-06-12 16:18:29.410457+05:30","2026-06-12 16:18:29.410457+05:30",NULL,"GSN_ETS","SUPPLY",NULL,"Bid","2026-04-26 00:00:00+05:30","Closed","Not Submitted",NULL,NULL,NULL
"b5f076aa-80ad-44c0-8277-decf9f78b433",NULL,"GEM/2026/B/7070862","Manpower for attendant","Indian Council Of Agricultural Research (icar)",NULL,"GeM","MANUAL","AWAITING_RESULT","ACTIVE","8d093c19-9d9b-4041-9722-139a4e4f087f","8d093c19-9d9b-4041-9722-139a4e4f087f",NULL,100000.00,"ONLINE",False,NULL,NULL,NULL,"2026-01-27 00:00:00+05:30","2026-02-17 00:00:00+05:30","2026-02-17 00:00:00+05:30",NULL,NULL,"Manpower",NULL,NULL,False,False,"PENDING",NULL,NULL,NULL,"Not eligible - Experience Criteria, Only partial relaxation is allowed","[]","{}",NULL,NULL,"2026-06-12 16:18:29.325729+05:30","2026-06-12 16:18:29.325729+05:30",NULL,"GSN_ETS",NULL,0.0500,"Bid","2026-01-26 00:00:00+05:30","Closed","Not Submitted",NULL,NULL,NULL
"b68ee35d-9272-4afc-9216-75824c150e12",NULL,"GEM/2026/B/7565485","Autocad 3yr Subscription","Society For Applied Microwave Electronic Engineering And Research (sameer)",NULL,"GeM","MANUAL","DISCOVERED","ACTIVE","8d093c19-9d9b-4041-9722-139a4e4f087f","8d093c19-9d9b-4041-9722-139a4e4f087f",720036.00,NULL,NULL,False,NULL,NULL,NULL,"2026-05-21 00:00:00+05:30","2026-06-12 00:00:00+05:30","2026-06-12 00:00:00+05:30",NULL,NULL,"AutoDesk",NULL,NULL,False,True,"PENDING",NULL,NULL,NULL,NULL,"[]","{}",NULL,NULL,"2026-06-12 16:18:29.426497+05:30","2026-06-12 16:18:29.426497+05:30",NULL,"GSN_ETS","Implementation",NULL,"BID","2026-05-26 00:00:00+05:30","Active","In Progress","Not evaluated","Not evaluated","BID IN PROGRESS"
"b6d6e07e-6dbf-4782-97d9-bad2d1c94c49",NULL,"GEM/2026/B/7206177","Microsoft 365 Business Premium & Copilot","Online Citizen Services Portal",NULL,"GeM","MANUAL","AWAITING_RESULT","ACTIVE","8d093c19-9d9b-4041-9722-139a4e4f087f","8d093c19-9d9b-4041-9722-139a4e4f087f",1763194.00,50000.00,"ONLINE",False,1763194.00,1763194.00,1763194.00,"2026-02-13 00:00:00+05:30","2026-03-02 00:00:00+05:30","2026-03-02 00:00:00+05:30",NULL,NULL,"Microsoft",NULL,NULL,False,True,"PENDING",NULL,NULL,NULL,"Not Evaluated","[]","{}",NULL,NULL,"2026-06-12 16:18:29.346931+05:30","2026-06-12 16:18:29.346931+05:30",NULL,"GSN_ETS","Implementation",0.0300,"Bid","2026-02-26 00:00:00+05:30","Closed","Submitted","Completed","Not Received","Globx price is L2"
"b6fa79b0-16e2-4122-ad5b-39f30da532fc",NULL,"GEM/2026/B/7492166","Exchange Online Archiving for Exchange online, Microsoft 365 Business Basic ,Microsoft 365 Apps for Business ,Microsoft Defender for Office 365 (Plan 1)","Puduvai Bharathiar Grama Bank",NULL,"GeM","MANUAL","DISCOVERED","ACTIVE","8d093c19-9d9b-4041-9722-139a4e4f087f","8d093c19-9d9b-4041-9722-139a4e4f087f",NULL,50000.00,"ONLINE",False,NULL,NULL,NULL,"2026-05-19 00:00:00+05:30","2026-06-18 00:00:00+05:30","2026-06-18 00:00:00+05:30",NULL,NULL,"Microsoft",NULL,NULL,False,True,"PENDING",NULL,NULL,NULL,NULL,"[]","{}",NULL,NULL,"2026-06-12 16:18:29.422867+05:30","2026-06-12 16:18:29.422867+05:30",NULL,"GSN_ETS","Implementation",0.0500,"Bid To RA","2026-05-26 00:00:00+05:30","Active","In Progress","Not evaluated","Not evaluated","BID IN PROGRESS"
"b8c8bb02-28c0-4c8d-87cb-1a2aa8872c7c",NULL,"GEM/2025/B/6979087","Microsoft Multiple Product","Tamil Nadu Grama Bank",NULL,"GeM","MANUAL","AWAITING_RESULT","ACTIVE","8d093c19-9d9b-4041-9722-139a4e4f087f","8d093c19-9d9b-4041-9722-139a4e4f087f",16094610.00,500000.00,"EXEMPTED",True,16094610.00,16094610.00,16094610.00,"2025-12-09 00:00:00+05:30","2026-01-08 00:00:00+05:30","2026-01-08 00:00:00+05:30",NULL,NULL,"Microsoft",NULL,NULL,False,True,"PENDING",NULL,NULL,NULL,"Our price is H1, Before RA stage","[]","{}",NULL,NULL,"2026-06-12 16:18:29.276572+05:30","2026-06-12 16:18:29.276572+05:30",NULL,"GSN_ETS","Implementation",0.0500,"Bid to RA","2026-12-25 00:00:00+05:30","Closed","Submitted","Completed","Not Received","Not Awarded"
"ba44d7f2-de25-4ace-a282-8b51f528d1a9",NULL,"GEM/2026/B/7189159","Microsoft 365 Apps for Business","National Institute of Immunology",NULL,"GeM","MANUAL","AWAITING_RESULT","ACTIVE","8d093c19-9d9b-4041-9722-139a4e4f087f","8d093c19-9d9b-4041-9722-139a4e4f087f",300000.00,NULL,NULL,False,300000.00,300000.00,300000.00,"2026-02-04 00:00:00+05:30","2026-02-25 00:00:00+05:30","2026-02-25 00:00:00+05:30",NULL,NULL,"Microsoft",NULL,NULL,False,True,"PENDING",NULL,NULL,NULL,"L1 Price is lower then ours","[]","{}",NULL,NULL,"2026-06-12 16:18:29.323695+05:30","2026-06-12 16:18:29.323695+05:30",NULL,"GSN_ETS","Implementation",NULL,"Bid","2026-02-26 00:00:00+05:30","Closed","Submitted","Completed","Not Received","Not Awarded"
"c2a43472-ecd0-40b2-92eb-ffd7012d53c9",NULL,"GEM/2025/B/7017404","MS Office Pro, Windows 11 Pro, Antivirus, Canva Pro 1 Year & Adobe Acrobat DC","Indian Army",NULL,"GeM","MANUAL","AWAITING_RESULT","ACTIVE","8d093c19-9d9b-4041-9722-139a4e4f087f","8d093c19-9d9b-4041-9722-139a4e4f087f",NULL,31950.00,"ONLINE",False,NULL,NULL,NULL,"2025-12-30 00:00:00+05:30","2026-01-10 00:00:00+05:30","2026-01-10 00:00:00+05:30",NULL,NULL,"Microsoft",NULL,NULL,False,False,"PENDING",NULL,NULL,NULL,"MAF issue for Canva & Adobe","[]","{}",NULL,NULL,"2026-06-12 16:18:29.29055+05:30","2026-06-12 16:18:29.29055+05:30",NULL,"GSN_ETS","Implementation",NULL,"Bid to RA","2026-12-25 00:00:00+05:30","Closed","Not Submitted",NULL,NULL,NULL
"c478b347-72a2-4dcc-b571-8692802185bd",NULL,"GEM/2026/B/7139449","Microsoft Office LTSC Standard 2024 (Academic Edition)","National Institute Of Technology Surat",NULL,"GeM","MANUAL","AWAITING_RESULT","ACTIVE","8d093c19-9d9b-4041-9722-139a4e4f087f","8d093c19-9d9b-4041-9722-139a4e4f087f",1235000.00,30000.00,"ONLINE",False,NULL,NULL,NULL,"2026-02-06 00:00:00+05:30","2026-02-27 00:00:00+05:30","2026-02-27 00:00:00+05:30",NULL,NULL,"Microsoft",NULL,NULL,False,False,"PENDING",NULL,NULL,NULL,"MAF not provided by Microsoft","[]","{}",NULL,NULL,"2026-06-12 16:18:29.327572+05:30","2026-06-12 16:18:29.327572+05:30",NULL,"GSN_ETS","Implementation",NULL,"Bid to RA","2026-02-26 00:00:00+05:30","Closed","Not Submitted",NULL,NULL,NULL
"c66af7a7-cee9-4e15-a7b4-76f352b9e8cc",NULL,"GEM/2026/B/7461202","Microsoft Office Home & Business 2024","Indian Space Research Organization",NULL,"GeM","MANUAL","AWAITING_RESULT","ACTIVE","8d093c19-9d9b-4041-9722-139a4e4f087f","8d093c19-9d9b-4041-9722-139a4e4f087f",13500000.00,NULL,NULL,False,NULL,NULL,NULL,"2026-04-22 00:00:00+05:30","2026-05-12 00:00:00+05:30","2026-05-12 00:00:00+05:30",NULL,NULL,"Microsoft",NULL,NULL,False,True,"PENDING",NULL,NULL,NULL,NULL,"[]","{}",NULL,NULL,"2026-06-12 16:18:29.396765+05:30","2026-06-12 16:18:29.396765+05:30",NULL,"GSN_ETS","Implementation",0.0300,"Bid to RA","2026-04-26 00:00:00+05:30","Closed","Submitted","Awaiting","To be determined","Result Pending"
"d0627741-35aa-40ad-b59d-3603911a24db",NULL,NULL,"Microsoft 365 Business Basic","Eurekalearnings",NULL,"Private","MANUAL","AWAITING_RESULT","ACTIVE","8d093c19-9d9b-4041-9722-139a4e4f087f","8d093c19-9d9b-4041-9722-139a4e4f087f",34550.00,NULL,NULL,False,34550.00,34550.00,34550.00,"2026-01-30 00:00:00+05:30","2026-01-30 00:00:00+05:30","2026-01-30 00:00:00+05:30",NULL,NULL,"Microsoft",NULL,NULL,False,True,"PENDING",NULL,NULL,NULL,"Awarded","[]","{}",NULL,NULL,"2026-06-12 16:18:29.317727+05:30","2026-06-12 16:18:29.317727+05:30",NULL,"GSN_ETS","Supply",NULL,"Quotation","2026-01-26 00:00:00+05:30","Closed","Submitted","Qualified","Received","Price L1"
"d533a83e-5cf1-4248-a278-7fcc58007775",NULL,"GEM/2025/B/7037322","Microsoft Multiple Product","Energy Efficiency Services Limited",NULL,"GeM","MANUAL","AWAITING_RESULT","ACTIVE","8d093c19-9d9b-4041-9722-139a4e4f087f","8d093c19-9d9b-4041-9722-139a4e4f087f",33888321.00,575000.00,"EXEMPTED",True,NULL,NULL,NULL,"2025-12-23 00:00:00+05:30","2026-01-13 00:00:00+05:30","2026-01-13 00:00:00+05:30",NULL,NULL,"Microsoft",NULL,NULL,False,False,"PENDING",NULL,NULL,NULL,NULL,"[]","{}",NULL,NULL,"2026-06-12 16:18:29.287844+05:30","2026-06-12 16:18:29.287844+05:30",NULL,"GSN_ETS","Support",0.0500,"Bid","2026-12-25 00:00:00+05:30","Closed","Not Submitted",NULL,NULL,NULL
"d850bf37-7e9e-4233-a8d5-8d89ebc65885",NULL,"GEM/2026/B/7394714","Microsoft 365 BS & BB","Ntpc Limited",NULL,"GeM","MANUAL","AWAITING_RESULT","ACTIVE","8d093c19-9d9b-4041-9722-139a4e4f087f","8d093c19-9d9b-4041-9722-139a4e4f087f",561021.00,NULL,NULL,False,NULL,NULL,NULL,"2026-03-26 00:00:00+05:30",NULL,NULL,NULL,NULL,"Microsoft",NULL,NULL,False,True,"PENDING",NULL,NULL,NULL,"Not Awarded","[]","{}",NULL,NULL,"2026-06-12 16:18:29.370906+05:30","2026-06-12 16:18:29.370906+05:30",NULL,"GSN_ETS","Supply",NULL,"Bid","2026-03-26 00:00:00+05:30","Closed","Submitted","Completed","Not Received","Globx price is L9"
"daafe6c0-da1e-4a99-99db-8648c8c1bf0f",NULL,"GEM/2026/B/7136100","Multiple MS Products","Invest India",NULL,"GeM","MANUAL","AWAITING_RESULT","ACTIVE","8d093c19-9d9b-4041-9722-139a4e4f087f","8d093c19-9d9b-4041-9722-139a4e4f087f",NULL,NULL,NULL,False,NULL,NULL,NULL,"2026-01-21 00:00:00+05:30","2026-01-31 00:00:00+05:30","2026-01-31 00:00:00+05:30",NULL,NULL,"Microsoft",NULL,NULL,False,False,"PENDING",NULL,NULL,NULL,"Tender can not be found","[]","{}",NULL,NULL,"2026-06-12 16:18:29.314461+05:30","2026-06-12 16:18:29.314461+05:30",NULL,"GSN_ETS","Implementation",0.0500,"Bid","2026-01-26 00:00:00+05:30","Closed","Not Submitted",NULL,NULL,"Canceled"
"e4432c38-4e58-478c-9c07-aad5c28eaee3",NULL,"GEM/2026/B/7104764","Microsoft Office LTSC Standard 2024","Hindustan Aeronautics Limited",NULL,"GeM","MANUAL","AWAITING_RESULT","ACTIVE","8d093c19-9d9b-4041-9722-139a4e4f087f","8d093c19-9d9b-4041-9722-139a4e4f087f",17379200.00,NULL,NULL,False,17379200.00,17379200.00,17379200.00,"2026-01-14 00:00:00+05:30","2026-02-04 00:00:00+05:30","2026-02-04 00:00:00+05:30",NULL,NULL,"Microsoft",NULL,NULL,False,True,"PENDING",NULL,NULL,NULL,"L1 price is 17% higher then our price","[]","{}",NULL,NULL,"2026-06-12 16:18:29.312614+05:30","2026-06-12 16:18:29.312614+05:30",NULL,"GSN_ETS","Implementation",0.0500,"Bid to RA","2026-01-26 00:00:00+05:30","Closed","Submitted","Completed","Not Received","Not Awarded"
"e56380b5-1c87-466e-ad3d-377cd926f941",NULL,"GEM/2026/B/7404669","Windows Server 2025 Standard -16 Core License Pack (CSP perpetual)","Indian Space Research Organization",NULL,"GeM","MANUAL","AWAITING_RESULT","ACTIVE","8d093c19-9d9b-4041-9722-139a4e4f087f","8d093c19-9d9b-4041-9722-139a4e4f087f",257646.00,NULL,NULL,False,NULL,NULL,NULL,"2026-04-06 00:00:00+05:30",NULL,NULL,NULL,NULL,"Microsoft",NULL,NULL,False,False,"PENDING",NULL,NULL,NULL,"Product Mapping Issue","[]","{}",NULL,NULL,"2026-06-12 16:18:29.381177+05:30","2026-06-12 16:18:29.381177+05:30",NULL,"GSN_ETS","Supply",NULL,"Bid","2026-04-26 00:00:00+05:30","Closed","Not Submitted",NULL,NULL,NULL
"e6cc9391-1797-496f-9092-6f040bed3d51",NULL,"GEM/2026/B/7599353","Renewal of Microsoft 365 Copilot Licenses","Sidbi",NULL,"GeM","MANUAL","DISCOVERED","ACTIVE","8d093c19-9d9b-4041-9722-139a4e4f087f","8d093c19-9d9b-4041-9722-139a4e4f087f",NULL,NULL,NULL,False,NULL,NULL,NULL,"2026-02-06 00:00:00+05:30","2026-06-12 00:00:00+05:30","2026-06-12 00:00:00+05:30",NULL,NULL,"Microsoft",NULL,NULL,False,True,"PENDING",NULL,NULL,NULL,NULL,"[]","{}",NULL,NULL,"2026-06-12 16:18:29.434418+05:30","2026-06-12 16:18:29.434418+05:30",NULL,"GSN_ETS","Implementation",NULL,"BID","2026-06-26 00:00:00+05:30","Active","In Progress","Not evaluated","Not evaluated","BID IN PROGRESS"
"eb44cb2f-97c1-49ec-92c4-03324aa697b2",NULL,"GEM/2026/B/7359980","Windows Server2025 Standard-16corelicense","Nuclear Power Corporation of India Limited",NULL,"GeM","MANUAL","AWAITING_RESULT","ACTIVE","8d093c19-9d9b-4041-9722-139a4e4f087f","8d093c19-9d9b-4041-9722-139a4e4f087f",NULL,NULL,NULL,False,NULL,NULL,NULL,"2026-03-26 00:00:00+05:30",NULL,NULL,NULL,NULL,"Microsoft",NULL,NULL,False,False,"PENDING",NULL,NULL,NULL,"Didn't get MAF on time","[]","{}",NULL,NULL,"2026-06-12 16:18:29.36613+05:30","2026-06-12 16:18:29.36613+05:30",NULL,"GSN_ETS","Supply",NULL,"Bid","2026-03-26 00:00:00+05:30","Closed","Not Submitted",NULL,NULL,NULL
"eca9e459-0f5b-4e6f-a8ef-4f6d6d74360b",NULL,"GEM/2026/B/7303210","Microsoft Campus Agreement -2525 Qty","National Institute of Food Technology, Entrepreneurship and Management Thanjavur",NULL,"GeM","MANUAL","AWAITING_RESULT","ACTIVE","8d093c19-9d9b-4041-9722-139a4e4f087f","8d093c19-9d9b-4041-9722-139a4e4f087f",NULL,NULL,NULL,False,NULL,NULL,NULL,"2026-02-27 00:00:00+05:30","2026-03-20 00:00:00+05:30","2026-03-20 00:00:00+05:30",NULL,NULL,"Microsoft",NULL,NULL,False,False,"PENDING",NULL,NULL,NULL,"Not eligible, experience cretria","[]","{}",NULL,NULL,"2026-06-12 16:18:29.350145+05:30","2026-06-12 16:18:29.350145+05:30",NULL,"GSN_ETS","Support",NULL,"Bid","2026-02-26 00:00:00+05:30","Closed","Not Submitted",NULL,NULL,NULL
"ee29f4c3-234e-4819-a87b-5df75709e758",NULL,"GEM/2026/B/7193110","Microsoft Office LTSC Standard 2024","Bureau of Indian Standards",NULL,"GeM","MANUAL","AWAITING_RESULT","ACTIVE","8d093c19-9d9b-4041-9722-139a4e4f087f","8d093c19-9d9b-4041-9722-139a4e4f087f",18540000.00,600000.00,"EXEMPTED",True,18540000.00,18540000.00,18540000.00,"2026-02-27 00:00:00+05:30","2026-04-06 00:00:00+05:30","2026-04-06 00:00:00+05:30",NULL,NULL,"Microsoft",NULL,NULL,False,True,"PENDING",NULL,NULL,NULL,NULL,"[]","{}",NULL,NULL,"2026-06-12 16:18:29.367615+05:30","2026-06-12 16:18:29.367615+05:30",NULL,"GSN_ETS","Implementation",0.0500,"Bid to RA","2026-02-26 00:00:00+05:30","Closed","Submitted","Awaiting","To be determined","Result Pending"
"f778bb4e-f22a-4952-b0cf-6ce246b6cc75",NULL,"GEM/2025/B/7016627","Microsoft 365 Business Standard","ITER-India",NULL,"GeM","MANUAL","AWAITING_RESULT","ACTIVE","8d093c19-9d9b-4041-9722-139a4e4f087f","8d093c19-9d9b-4041-9722-139a4e4f087f",474472.00,NULL,NULL,False,474472.00,474472.00,474472.00,"2025-12-19 00:00:00+05:30","2026-01-12 00:00:00+05:30","2026-01-12 00:00:00+05:30",NULL,NULL,"Microsoft",NULL,NULL,False,True,"PENDING",NULL,NULL,NULL,"Not Awarded","[]","{}",NULL,NULL,"2026-06-12 16:18:29.286525+05:30","2026-06-12 16:18:29.286525+05:30",NULL,"GSN_ETS","Supply",NULL,"Bid","2026-12-25 00:00:00+05:30","Closed","Submitted","Completed","Not Received","Our Price L11"
"f820ce08-def9-471f-88f3-cd5749aca958",NULL,"GEM/2026/B/7370881","AutoCAD LT - 2023 (3-Year subscription)","Rail Vikas Nigam Ltd",NULL,"GeM","MANUAL","AWAITING_RESULT","ACTIVE","8d093c19-9d9b-4041-9722-139a4e4f087f","8d093c19-9d9b-4041-9722-139a4e4f087f",97492.00,NULL,NULL,False,97492.00,97492.00,97492.00,"2026-03-19 00:00:00+05:30",NULL,NULL,NULL,NULL,"AutoDesk",NULL,NULL,False,True,"PENDING",NULL,NULL,NULL,"Product asked is EOL from OEM, but advised by Redington to go ahead with the latest product","[]","{}",NULL,NULL,"2026-06-12 16:18:29.369275+05:30","2026-06-12 16:18:29.369275+05:30",NULL,"GSN_ETS","Implementation",NULL,"Bid to RA","2026-03-26 00:00:00+05:30","Closed","Submitted","Data Not Found","Bid Cancelled",NULL
"f937dfeb-ca2e-413a-b556-2b99a6f004f2",NULL,"GEM/2026/B/7510343","M 365 A5 Plan for academic & educational purposes &visioplan2","Indian Institute Of Management (iim) Mumbai",NULL,"GeM","MANUAL","AWAITING_RESULT","ACTIVE","8d093c19-9d9b-4041-9722-139a4e4f087f","8d093c19-9d9b-4041-9722-139a4e4f087f",0.00,NULL,NULL,False,NULL,NULL,NULL,"2026-05-06 00:00:00+05:30","2026-05-16 00:00:00+05:30","2026-05-16 00:00:00+05:30",NULL,NULL,"Microsoft",NULL,NULL,False,False,"PENDING",NULL,NULL,NULL,"Service Centre at the consignee location","[]","{}",NULL,NULL,"2026-06-12 16:18:29.406615+05:30","2026-06-12 16:18:29.406615+05:30",NULL,"GSN_ETS","Implementation",NULL,"Bid","2026-05-26 00:00:00+05:30","Closed","Not Submitted",NULL,NULL,NULL
"fa7fdf91-3fc7-42e7-bee2-6526a9377fcb",NULL,"GEM/2026/B/7233292","MS Copilot","General Insurance Corporation Of India (gic)",NULL,"GeM","MANUAL","AWAITING_RESULT","ACTIVE","8d093c19-9d9b-4041-9722-139a4e4f087f","8d093c19-9d9b-4041-9722-139a4e4f087f",400000.00,NULL,NULL,False,NULL,NULL,NULL,"2026-02-17 00:00:00+05:30","2026-03-10 00:00:00+05:30","2026-03-10 00:00:00+05:30",NULL,NULL,"Microsoft",NULL,NULL,False,False,"PENDING",NULL,NULL,NULL,"Didn't get the MAF from Microsoft","[]","{}",NULL,NULL,"2026-06-12 16:18:29.345592+05:30","2026-06-12 16:18:29.345592+05:30",NULL,"GSN_ETS","Supply",0.0500,"Bid","2026-02-26 00:00:00+05:30","Closed","Not Submitted",NULL,NULL,NULL
"fed3a0b3-3815-4fe0-bc7f-5488d797bd3f",NULL,"GEM/2026/B/7536317","AutoCAD Software including specialized toolsets AD Commercial Single user ELD Subscription renewal","Projects And Development India Limited (pdil)",NULL,"GeM","MANUAL","AWAITING_RESULT","ACTIVE","8d093c19-9d9b-4041-9722-139a4e4f087f","8d093c19-9d9b-4041-9722-139a4e4f087f",NULL,7000.00,"ONLINE",False,NULL,NULL,NULL,"2026-05-13 00:00:00+05:30","2026-06-03 00:00:00+05:30","2026-06-03 00:00:00+05:30",NULL,NULL,"Microsoft",NULL,NULL,False,False,"PENDING",NULL,NULL,NULL,"The OEM is currently facing issues with product availability on the GeM portal, and their products have been removed from GeM. Due to this, we are unable to proceed with the bid submission.","[]","{}",NULL,NULL,"2026-06-12 16:18:29.416602+05:30","2026-06-12 16:18:29.416602+05:30",NULL,"GSN_ETS","Implementation",0.0125,"Bid","2026-05-26 00:00:00+05:30","Closed","Not Submitted",NULL,NULL,NULL
"fef7b92c-b140-49d6-b235-776af2e70f92",NULL,"GEM/2026/B/7451238","Microsoft Office LTSC Standard 2024","NHPC Limited",NULL,"GeM","MANUAL","AWAITING_RESULT","ACTIVE","8d093c19-9d9b-4041-9722-139a4e4f087f","8d093c19-9d9b-4041-9722-139a4e4f087f",477001.00,NULL,NULL,False,477001.00,477001.00,477001.00,"2026-04-17 00:00:00+05:30","2026-05-08 00:00:00+05:30","2026-05-08 00:00:00+05:30",NULL,NULL,"Microsoft",NULL,NULL,False,True,"PENDING",NULL,NULL,NULL,NULL,"[]","{}",NULL,NULL,"2026-06-12 16:18:29.386312+05:30","2026-06-12 16:18:29.386312+05:30",NULL,"GSN_ETS","Implementation",NULL,"Bid","2026-04-26 00:00:00+05:30","Closed","Submitted","_",NULL,"Result Pending"
"ff6bf663-07bc-432a-88c3-685e5b2d7298",NULL,"GEM/2026/B/7204058","Microsoft Office LTSC Standard 2024 (Academic Edition)","National Institute Of Technology Calicut",NULL,"GeM","MANUAL","AWAITING_RESULT","ACTIVE","8d093c19-9d9b-4041-9722-139a4e4f087f","8d093c19-9d9b-4041-9722-139a4e4f087f",193600.00,30000.00,"ONLINE",False,NULL,NULL,NULL,"2026-02-11 00:00:00+05:30","2026-03-02 00:00:00+05:30","2026-03-02 00:00:00+05:30",NULL,NULL,"Microsoft",NULL,NULL,False,False,"PENDING",NULL,NULL,NULL,"MAF not provided by Microsoft","[]","{}",NULL,NULL,"2026-06-12 16:18:29.329083+05:30","2026-06-12 16:18:29.329083+05:30",NULL,"GSN_ETS","Implementation",NULL,"Bid to RA","2026-02-26 00:00:00+05:30","Closed","Not Submitted",NULL,NULL,NULL
